title,creators,abstractNote,publicationTitle,date,language,url,libraryCatalog,tags
A novel framework on intelligent detection for module defects of PV plant combining the visible and infrared images一种结合可见光和红外图像的光伏电站组件缺陷智能检测新框架,HongFeng,Solar Photovoltaic (PV) industry has achieved rapid development in recent years. However， it is difficult and costly to detect the micro fault area in a large PV power plant due to environmental factors and missing data. Most faults can be detected by the infrared temperature measurement method， but the infrared camera characteristics constrain it. This paper proposed a novel framework， consisting of image acquirement， image segmentation， fault orientation and defect warning， to remedy the limitations for PV module defects. The visible and infrared PV array images are taken under the same conditions by a dual infrared camera at low altitudes. The deep learning methods， including the fifth version of You Only Look Once (YOLOv5) algorithm and Deep Residual Network (ResNet) algorithm， are introduced to this framework. Hence， this framework has strong capability to suit almost all brightness conditions， by the combination of image segmentation from visible images and fault location on infrared images. The results show that this framework dramatically improves the separation speed of photovoltaic array to 36 Fps and the accuracy of fault detection to 95% by infrared image marked with the segmented area.,Solar Energy,2022-04-01,,https://www.sciencedirect.com/science/article/pii/S0038092X22001840,ScienceDirect,"['Image fusion', 'Module defect', 'PV plant', 'ResNet', 'YOLOv5']"
Automatic detection of photovoltaic module defects in infrared images with isolated and develop-model transfer deep learning通过隔离和开发模型迁移深度学习自动检测红外图像中的光伏组件缺陷,AkramM. Waqar,With the rising use of photovoltaic and ongoing installation of large-scale photovoltaic systems worldwide， the automation of photovoltaic monitoring methods becomes important， as manual/visual inspection has limited applications. This research work deals with automatic detection of photovoltaic module defects in Infrared images with isolated deep learning and develop-model transfer deep learning techniques. An Infrared images dataset containing infrared images of normal operating and defective modules is collected and used to train the networks. The dataset is obtained from Infrared imaging performed on normal operating and defective photovoltaic modules with lab induced defects. An isolated learned model is trained from scratch using a light convolutional neural network design that achieved an average accuracy of 98.67%. For transfer learning， a base model is first developed (pre-trained) from electroluminescence images dataset of photovoltaic cells and then fine-tuned on infrared images dataset， that achieved an average accuracy of 99.23%. Both frameworks require low computation power and less time; and can be implemented with ordinary hardware. They also maintained real time prediction speed. The comparison shows that the develop-model transfer learning technique can help to improve the performance. In addition， we reviewed different kind of defects detectable from infrared imaging of photovoltaic modules， that can help in manual labelling for identifying different defect categories upon access to new huge data in future studies. Last of all， the presented frameworks are applied for experimental testing and qualitative evaluation.,Solar Energy,2020-03-01,,https://www.sciencedirect.com/science/article/pii/S0038092X20300621,ScienceDirect,"['Automatic defect detection', 'Develop-model transfer deep learning', 'Infrared images', 'Isolated deep learning', 'Photovoltaic (PV) modules', 'Thermography']"
DAF-DETR: A dynamic adaptation feature transformer for enhanced object detection in unmanned aerial vehicles,SongBaoye,Object detection in complex environments is challenged by overlapping objects， complex spatial relationships， and dynamic variations in target scales. To address these challenges， the Dynamic Adaptation Feature DEtection TRansformer (DAF-DETR) is proposed as a novel transformer-based model optimized for real-time detection in spatially complex environments. The framework introduces four key innovations. First， a learnable position encoding mechanism is employed in place of fixed positional encoding， enhancing adaptability and flexibility when processing complex spatial layouts. Second， the Resynthetic Network (ResynNet) backbone， which consists of stacked Resynthetic Blocks (ResynBlocks) integrating ResBlock and FasterBlock feature extraction strategies， is designed to optimize multi-scale feature representation and improve computational efficiency. Third， an enhanced feature fusion module is incorporated to strengthen the detection of small， densely packed objects by integrating multi-scale contextual information. Fourth， a dynamic perception module is introduced， utilizing deformable attention to capture complex spatial relationships between overlapping objects. Extensive experiments conducted on the Vision meets Drone 2019 (VisDrone2019) and Tiny Object Detection in Aerial Images (AI-TOD) datasets demonstrate the superiority of DAF-DETR， achieving state-of-the-art detection accuracy while maintaining real-time efficiency. The results confirm its robustness in handling scale variations， occlusions， and spatial complexity， establishing it as a reliable solution for real-world applications such as aerial imagery and crowded scene analysis.,Knowledge-Based Systems,07/2025,en,https://linkinghub.elsevier.com/retrieve/pii/S0950705125008068,DOI.org (Crossref),[]
Fast fault detection method for photovoltaic arrays with adaptive deep multiscale feature enhancement,GongBin,Photovoltaic (PV) arrays have output characteristics such as randomness and intermittency， and faults can seriously affect the safe operation of the power system. In order to improve the comprehensive performance of the PV array fault diagnosis model， a new intelligent online fault monitoring method for PV arrays is proposed in this paper. (1) a three-dimensional channel feature map based on I， V， and P features is constructed because the IV and P curves of the PV array have significantly different effects under different fault conditions. (2) The PV array fault diagnosis model based on a multi-source information fusion network (MIFNet) is proposed， and Channel Mixing Convolution (CMC) module， three-dimensional feature attention enhancement (TDFAE) module， and Channel normalized scaling (CNS) module are designed to improve the comprehensive performance of the model. (3) An adaptive nonlinear mutual sparrow search algorithm (ANMSSA) is proposed to optimize the hyperparameter configuration of the MIFNet network. The experimental results show that the average recognition accuracy， prediction accuracy， and sensitivity of the ANMSSA-MIFNet network proposed in this paper are 99.64%， 99.64%， and 99.71% respectively. When facing single-component faults and multi-component faults， the model has stronger diagnostic accuracy， robustness， anti-noise ability， and stability， and can efficiently diagnose different faults of PV arrays， providing the scientific basis and theoretical support for the operation of PV systems.,Applied Energy,01/2024,en,https://linkinghub.elsevier.com/retrieve/pii/S0306261923014356,DOI.org (Crossref),[]
Photovoltaic Cell Defect Detection by Lock-In Thermography Using 2-D Gaussian Profile,VieiraThiago Mota,The electrical energy produced by photovoltaic systems can be critically affected by a variety of factors. In order to detect defective photovoltaic cells， several monitoring techniques， such as lock-in thermography， have been widely used alongside some analytical methods that avoid subjectivity. This article proposes a method with low computational cost that provides a simple and easily implementable way to quantifiably discern if a photovoltaic cell is defective or not. A two-dimensional Gaussian fit is applied to images generated by fast Fourier transform and principal component analysis algorithms on thermographic data from lock-in thermography tests. The considered coefficient of determination R^2 was found to be a good measure of fitting quality. Additionally， the method highlighted the potential of its application on first principal component， with R^2 between 0.944 and 0.986， and magnitude images， with R^2 between 0.965 and 0.985， in order to identify and distinguish nondefective cells from defective ones.,IEEE Journal of Photovoltaics,2024-05,,https://ieeexplore.ieee.org/abstract/document/10438520,IEEE Xplore,"['Coefficient of determination', 'Fast Fourier transforms', 'Gaussian processes', 'Photovoltaic cells', 'Photovoltaic systems', 'Principal component analysis', 'Surface cracks', 'lock-in thermography (LIT)', 'photovoltaic (PV) cell', 'two-dimensional (2-D) Gaussian fit']"
"Faults Detection for Photovoltaic Field Based on K-Means, Elbow, and Average Silhouette Techniques through the Segmentation of a Thermal Image",Et-talebyAbdelilah,Clustering or grouping is among the most important image processing methods that aim to split an image into different groups. Examining the literature， many clustering algorithms have been carried ou...,International Journal of Photoenergy,2020/01/01,en,https://onlinelibrary.wiley.com/doi/10.1155/2020/6617597,onlinelibrary.wiley.com,[]
Thermal Infrared and Visual Inspection of Photovoltaic Installations by UAV Photogrammetry—Application Case: Morocco,ZefriYahya,Being sustainable， clean， and eco-friendly， photovoltaic technology is considered as one of the most hoped solutions face to worldwide energetic challenges. Morocco joins this context with the inauguration of numerous clean energy projects. However， one key factor in making photovoltaic installations a profitable investment are regular and effective inspections in order to detect occurred defects. Unmanned aerial vehicles (UAV) are increasingly used in various inspection fields. In this respect， this work focuses on the use of thermal and visual imagery taken by UAV in the inspection of photovoltaic installations. Visual and thermal images of photovoltaic modules， obtained by UAV， from different installations， and with different acquisition conditions and parameters， were exploited to generate orthomosaics for inspection purposes. The methodology was tested on a dataset we have acquired by a mission in Rabat (Morocco)， and also on external datasets acquired in Switzerland. As final results， several visual defects were detected in visual RGB and thermal orthomosaics， such as cracks， soiling， and hotspots. In addition， a procedure of semi-automatic hotspots’ extraction was also developed and is presented within this work. On the other side， various tests were conducted on the influence of some acquisition and processing parameters (images’ overlap， the ground sampling distance， the flying height， the use of ground control points， the internal camera parameters’ optimization) on the detection of defects and the quality of visual and thermal generated orthomosaics. In the end， the potential of UAV thermal and visual imagery in the inspection of photovoltaic installations was discussed in function of various parameters. On the basis of the discussion feedback， UAV were concluded as advantageous tools within the thematic of this project， which proves the necessity of their implementation in this context.,Drones,2018/12,en,https://www.mdpi.com/2504-446X/2/4/41,www.mdpi.com,"['UAV', 'automatic detection', 'defects', 'photovoltaic installation', 'thermal infrared inspection', 'visual inspection']"
Automatic supervision and fault detection of PV systems based on power losses analysis,ChouderA.,In this work， we present a new automatic supervision and fault detection procedure for PV systems， based on the power losses analysis. This automatic supervision system has been developed in Matlab&Simulink environment. It includes parameter extraction techniques to calculate main PV system parameters from monitoring data in real conditions of work， taking into account the environmental irradiance and module temperature evolution， allowing simulation of the PV system behaviour in real time. The automatic supervision method analyses the output power losses， presents in the DC side of the PV generator， capture losses. Two new power losses indicators are deﬁned: thermal capture losses (Lct) and miscellaneous capture losses (Lcm). The processing of these indicators allows the supervision system to generate a faulty signal as indicator of fault detection in the PV system operation.,Energy Conversion and Management,10/2010,en,https://linkinghub.elsevier.com/retrieve/pii/S0196890410000919,DOI.org (Crossref),[]
A comprehensive study on different types of faults and detection techniques for solar photovoltaic system,MadetiSiva Ramakrishna,Monitoring systems are essential to maintain optimal performance of photovoltaic (PV) systems. A critical aspect in such monitoring systems is the fault diagnosis technique being used. The role of a fault detection and diagnosis technique is to identify the causes affecting the real-time energy production and/or smooth functioning of PV systems. Over the past decade， various fault detection methods were reported in literature. Among all the fault detection techniques reported， some paid significant attention only on faults that occur in the PV system， some on faults on DC side of the PV system while the rest focused on AC side faults. For the first time， this paper provides a comprehensive review of popular fault detection techniques， addressing all major types of faults in PV systems. Detailed insights of PV fault detection techniques along with their relative performances are covered. A new fault detection technique is also proposed to identify the type and location (module level) of a fault. This review enables the reader to get acquaintance with major aspects/considerations in developing/choosing an effective yet viable fault detection technique for small and medium scale PV systems.,Solar Energy,2017-12-01,,https://www.sciencedirect.com/science/article/pii/S0038092X17307508,ScienceDirect,"['Different faults', 'Fault detection techniques', 'Photovoltaic systems']"
Identifying PV Module Mismatch Faults by a Thermography-Based Temperature Distribution Analysis,HuYihua,Photovoltaic (PV) solar power generation is proven to be effective and sustainable but is currently hampered by relatively high costs and low conversion efficiency. This paper addresses both issues by presenting a low-cost and efficient temperature distribution analysis for identifying PV module mismatch faults by thermography. Mismatch faults reduce the power output and cause potential damage to PV cells. This paper first defines three fault categories in terms of fault levels， which lead to different terminal characteristics of the PV modules. The investigation of three faults is also conducted analytically and experimentally， and maintenance suggestions are also provided for different fault types. The proposed methodology is developed to combine the electrical and thermal characteristics of PV cells subjected to different fault mechanisms through simulation and experimental tests. Furthermore， the fault diagnosis method can be incorporated into the maximum power point tracking schemes to shift the operating point of the PV string. The developed technology has improved over the existing ones in locating the faulty cell by a thermal camera， providing a remedial measure， and maximizing the power output under faulty conditions.,IEEE Transactions on Device and Materials Reliability,2014-12,,https://ieeexplore.ieee.org/abstract/document/6879295,IEEE Xplore,"['Arrays', 'Cameras', 'Circuit faults', 'Degradation', 'Fault diagnosis', 'Lighting', 'Temperature distribution', 'Temperature measurement', 'fault diagnosis', 'photovoltaic (PV) power systems', 'temperature', 'thermography']"
Deep residual network based fault detection and diagnosis of photovoltaic arrays using current-voltage curves and ambient conditions基于深度残差网络的故障检测，以及使用电流-电压曲线和环境条件对光伏阵列进行诊断,ChenZhicong,Automatic fault detection and diagnosis techniques for photovoltaic arrays are crucial to promote the efficiency， reliability and safety of photovoltaic systems. In recent decades， many conventional artificial intelligence approaches have been successfully applied to automatically establish fault detection and diagnosis model using fault data samples， but most of them rely on manual feature extraction or expert knowledge to build diagnosis models， which is inefficient and may ignore some potential useful features. In addition， they usually use shallow neural networks with limited performance. Addressing the issues， this paper proposes a novel intelligent fault detection and diagnosis method for photovoltaic arrays based on a newly designed deep residual network model trained by the adaptive moment estimation deep learning algorithm， which can automatically extract features from raw current-voltage curves and ambient irradiance and temperature， and effectively improve the performance with a deeper network. In order to validate the proposed fault diagnosis model， a Simulink based simulation model is designed for a real laboratory photovoltaic array， and both fault simulation and real experiments are carried out to obtain simulation and experimental fault datasets. Furthermore， two other popular deep learning based models are used for comparison， including convolution neural network and convolutional auto-encoder. Both of simulation and real experimental comparison results demonstrate that the proposed deep residual network based method achieves high and best overall performance in terms of accuracy， generalization performance， reliability and training efficiency.,Energy Conversion and Management,2019-10-15,,https://www.sciencedirect.com/science/article/pii/S0196890419307757,ScienceDirect,"['Current-voltage characteristic curves', 'Deep learning', 'Deep residual networks', 'Fault detection and diagnosis', 'Photovoltaic arrays']"
Reliable fault detection and diagnosis of photovoltaic systems based on statistical monitoring approaches,HarrouFouzi,,Renewable Energy,02/2018,en,https://linkinghub.elsevier.com/retrieve/pii/S0960148117309114,DOI.org (Crossref),[]
FBRT-YOLO: Faster and Better for Real-Time Aerial Image Detection,XiaoYao,"Embedded flight devices with visual capabilities have become essential for a wide range of applications. 
In aerial image detection， while many existing methods have partially addressed the issue of small target detection， challenges remain in optimizing small target detection and balancing detection accuracy with efficiency.
These issues are key obstacles to the advancement of real-time aerial image detection.
In this paper， we propose a new family of real-time detectors for aerial image detection， named FBRT-YOLO， to address the imbalance between detection accuracy and efficiency. Our method comprises two lightweight modules: Feature Complementary Mapping Module (FCM) and Multi-Kernel Perception Unit (MKP)， designed to enhance object perception for small targets in aerial images.
FCM focuses on alleviating the problem of information imbalance caused by the loss of small target information in deep networks. It aims to integrate spatial positional information of targets more deeply into the network， better aligning with semantic information in the deeper layers to improve the localization of small targets.
We introduce MKP， which leverages convolutions with kernels of different sizes to enhance the relationships between targets of various scales and improve the perception of targets at different scales.
Extensive experimental results on three major aerial image datasets， including Visdrone， UAVDT， and AI-TOD， demonstrate that FBRT-YOLO outperforms various real-time detectors in terms of performance and speed.",Proceedings of the AAAI Conference on Artificial Intelligence,2025-04-11,en,https://ojs.aaai.org/index.php/AAAI/article/view/32937,ojs.aaai.org,[]
Fast fault detection method for photovoltaic arrays with adaptive deep multiscale feature enhancement,GongBin,Photovoltaic (PV) arrays have output characteristics such as randomness and intermittency， and faults can seriously affect the safe operation of the power system. In order to improve the comprehensive performance of the PV array fault diagnosis model， a new intelligent online fault monitoring method for PV arrays is proposed in this paper. (1) a three-dimensional channel feature map based on I， V， and P features is constructed because the I-V and P curves of the PV array have significantly different effects under different fault conditions. (2) The PV array fault diagnosis model based on a multi-source information fusion network (MIFNet) is proposed， and Channel Mixing Convolution (CMC) module， three-dimensional feature attention enhancement (TDFAE) module， and Channel normalized scaling (CNS) module are designed to improve the comprehensive performance of the model. (3) An adaptive nonlinear mutual sparrow search algorithm (ANMSSA) is proposed to optimize the hyperparameter configuration of the MIFNet network. The experimental results show that the average recognition accuracy， prediction accuracy， and sensitivity of the ANMSSA-MIFNet network proposed in this paper are 99.64%， 99.64%， and 99.71% respectively. When facing single-component faults and multi-component faults， the model has stronger diagnostic accuracy， robustness， anti-noise ability， and stability， and can efficiently diagnose different faults of PV arrays， providing the scientific basis and theoretical support for the operation of PV systems.,Applied Energy,2024-01-01,,https://www.sciencedirect.com/science/article/pii/S0306261923014356,ScienceDirect,"['Fault diagnosis', 'Improved sparrow optimization algorithm', 'Multi-scale feature fusion', 'Photovoltaic arrays', 'Three-dimensional feature attention enhancement module']"
An unsupervised hourly weather status pattern recognition and blending fitting model for PV system fault detection,QuJiaqi,Detecting PV system faults in a timely fashion is important to ensure the safe operation of equipment and reduce their impact on the economy of the PV systems. It is necessary to further improve the time-sensitive performance evaluation of the system. However， the hourly weather scenario segmentations are seldom considered during the hour-level online monitoring process. Therefore， a hybrid method based on unsupervised hourly weather status pattern recognition and blending fitting model is proposed for hourly fault detection to improve the performance evaluation of PV systems. The proposed solution includes three parts， firstly， in the data preprocessing stage， the measured power with the errors and noise under normal operation situation caused by the environment changes is corrected by monthly linear fitting. Secondly， an unsupervised hourly weather status pattern recognition method is constructed using the measured radiation data， including unsupervised clustering and the Multiclass-GBDT-LR classification process. Finally， after eliminating the anomalies and errors， the blending fitting model of the hourly sub-weather status is established. Through the analysis of power plants in Australia and China， the proposed solutions are validated and evaluated to be superior to existing data-driven solutions in terms of fitting accuracy， detection validity， and response time. Numerical results of case studies indicate that the developed methodology under sub-weather has improved the detection accuracy up to 97.71% and 99.29% compared to benchmark models.,Applied Energy,2022-08-01,,https://www.sciencedirect.com/science/article/pii/S0306261922006286,ScienceDirect,"['Blending fitting model', 'Hourly fault detection', 'Photovoltaic systems performance', 'Unsupervised hourly weather status pattern recognition']"
Photovoltaic Bypass Diode Fault Detection Using Artificial Neural Networks,DhimishMahmoud,Due to the importance of determining faulty bypass diodes in photovoltaic (PV) systems， faulty bypass diodes have been of widespread interest in recent years due to their importance in improving PV system durability， operation， and overall safety. This article presents new work in developing an artificial intelligence (AI) based model using the principles of artificial neural networks (ANNs) to detect short and open PV bypass diode fault conditions. With only three inputs from the PV system， namely， the output power， short-circuit current， and open-circuit voltage， the developed ANN model can determine whether the PV bypass diodes are defective. In the experimentally validated case of short and open bypass diodes， 93.6% and 93.3% of faulty bypass diodes can be detected. Furthermore， the developed ANN model has an average precision and sensitivity of 96.4% and 92.6%， respectively.,IEEE Transactions on Instrumentation and Measurement,2023,,https://ieeexplore.ieee.org/abstract/document/10042455,IEEE Xplore,"['Artificial intelligence (AI)', 'Artificial neural networks', 'Circuit faults', 'Fault diagnosis', 'Neurons', 'Photovoltaic cells', 'Photovoltaic systems', 'Temperature measurement', 'bypass diodes', 'fault detection algorithm', 'photovoltaics (PVs)']"
Faults detection and diagnosis of PV systems based on machine learning approach using random forest classifier,AmiriAhmed Faris,Accurate and reliable fault detection procedures are crucial for optimizing photovoltaic (PV) system performance. Establishing a trustworthy PV array model is the primary step and a vital tool for monitoring and diagnosing PV systems. This paper outlines a two-step approach for creating a reliable PV array model and implementing a fault detection procedure using Random Forest Classifiers (RFCs). Firstly， we extracted the five unknown parameters of the one-diode model (ODM) by combining the current–voltage translation method to predict the reference curve and employing the modified grey wolf optimization (MGWO) algorithm. In the second step， we simulated the PV array to obtain maximum power point (MPP) coordinates and construct operational databases through co-simulations in PSIM/MATLAB. We developed two RFCs: one for fault detection (a binary classifier) and another for fault diagnosis (a multiclass classifier). Our results confirmed the accuracy of the PV array modeling approach. We achieved a root mean square error (RMSE) value of 0.0122 for the ODM parameter extraction and RMSEs lower than 0.3 in dynamic PV array output current simulations under cloudy conditions. Regarding the fault detection procedure， our results demonstrate exceptional classification accuracy rates of 99.4% for both fault detection and diagnosis， surpassing other tested models like Support Vector Machines (SVM)， K-Nearest Neighbors (KNN)， Neural Networks (MLP Classifier)， Decision Trees (DT)， and Stochastic Gradient Descent (SGDC).,Energy Conversion and Management,2024-02-01,,https://www.sciencedirect.com/science/article/pii/S0196890424000177,ScienceDirect,"['Co-simulation', 'Dynamic MPP model', 'Fault detection', 'MGWO algorithm', 'Parameter extraction', 'Random forest classifier']"
Failures of Photovoltaic modules and their Detection: A Review,Waqar AkramM.,Photovoltaic (PV) has emerged as a promising and phenomenal renewable energy technology in the recent past and the PV market has developed at an exponential rate during the time. However， a large number of early failure and degradation cases are also observed in the field. Besides these， there are fire risks associated with PV modules installed in the field， roof-mounted and building integrated PV systems， as modules contain combustible materials. The fire is caused by different failures and faults such as electrical arcs， short circuits， and hotspots. The timely， fast and accurate detection and measurement of failures is important to produce efficient and durable modules. Conventional visual monitoring and assessment process is commonly used in the field， which is mainly dependent upon human abilities and often involve human error. Moreover， it is only practicable on small-scale and requires long time. With the rising use of PV solar energy and ongoing installation of large-scale PV power plants worldwide， the automation of PV monitoring and assessment methods becomes important. Here， the present paper focuses on module failures， fire risks associated with PV modules， failure detection/measurements， and computer/machine vision or artificial intelligence (AI) based failure detection in PV modules; and can serve as a one-stop source for PV system inspectors. All types of failures occurred in PV modules including recent reported field failures are discussed in the paper. The fire risks associated with PV modules and reduction of fire risks and hotspots is also discussed. Different failure detection methods and recent advancements in these methods are presented. The strengths and limitations of each method is summarized. Moreover， the studies conducted on combined application and comparison of different methods are extensively reviewed. The boundary conditions of applications of different failure detection methods are provided which helps in selection of appropriate method. Subsequent to this， automatic techniques are introduced and their implementation and applications are discussed. The strengths and limitations of different automatic techniques and their applicability with respect to different conditions is discussed. This study may act as a one-stop guide for: acquiring information about module structure and failures， mitigation of fire risks and hotspots， selection of appropriate characterization method， application of different methods， automation of detection tasks， and remote PV plant inspection. The PV sector is at the start of AI journey and has a long path to go. The present paper is a significant step in the AI journey. The existing knowledge is organized systematically in a handy manner， thereby can facilitates new developments in AI-related research， fire risks mitigation， and failure detection.,Applied Energy,2022-05-01,,https://www.sciencedirect.com/science/article/pii/S0306261922002677,ScienceDirect,"['Artificial intelligence and deep learning', 'Defect detection', 'Electroluminescence and Infrared imaging', 'Module failures and fire risks', 'Photovoltaic cells']"
An innovative transformer neural network for fault detection and classification for photovoltaic modules,RamadanE. A.,Solar energy from photovoltaic systems (PV) ranks as the third greatest renewable electricity generation resource， expanding quickly through the years as it is free from environmental pollution and has cheap installation costs. Effective performance at high working rates is contingent on the early failure detection of PV modules. This study introduces an innovative deep learning model utilizing a Vision Transformer (ViT) artificial neural network (ANN) for the automatic detection of faults in infrared thermography (IR) images of PV modules. Our approach aims to enhance the accuracy of PV fault detection and classification compared to existing deep learning methods. The proposed framework encompasses three primary stages: (1) image preprocessing， which includes the application of the unsharp mask to sharpen the image’s edges or high-frequency components; (2) data augmentation techniques designed to overcome the problem of unbalanced classes that affect the training process， resulting in learning specific majority classes better than others; and (3) implementing a Vision Transformer deep learning model for its precision in digital image analysis. We evaluated the framework using the public Infrared Solar Modules dataset. The performance was quantitatively assessed using several metrics: accuracy， recall， precision， and F1 score. The dataset is classified into eleven different PV anomalies and another class of no-anomaly PV modules. The results show that our proposed approach has 98.23% accuracy for classifying the dataset into two classes， one for the PV anomaly and the other for the no-anomaly. It also has 96.19% accuracy for classifying eleven PV failures and 95.55% for twelve classes， including the no-anomaly class with the eleven types of anomalies. The experimental results underscore the potential of our model for earlier and more precise detection of PV faults. Furthermore， comparative analysis revealed the superior performance of the proposed approach over other deep learning methods.,Energy Conversion and Management,2024-08-15,,https://www.sciencedirect.com/science/article/pii/S0196890424006599,ScienceDirect,"['Artificial Intelligence', 'Fault Detection System', 'Photovoltaic (PV) systems', 'Thermography', 'Vision Transformer']"
Fault detection and monitoring systems for photovoltaic installations: A review,Triki-LahianiAsma,As any energy production system， photovoltaic (PV) installations have to be monitored to enhance system performances and to early detect failures for more reliability. There are several photovoltaic monitoring strategies based on the output of the plant and its nature. Monitoring can be performed locally on site or remotely. It measures production， focuses also on verification and follow-up of converter and communication devices' effective operation. Up to now， some faults diagnosis methods for PV components and systems have been developed. However， given the evolution of PV installations， more advanced monitoring techniques are continuously under investigation. In this paper， major photovoltaic system failures are addressed. Then techniques for photovoltaic monitoring proposed in recent literature are overviewed and analyzed to point out their differences， advantages and limits.,Renewable and Sustainable Energy Reviews,2018-02-01,,https://www.sciencedirect.com/science/article/pii/S1364032117313618,ScienceDirect,"['Diagnosis', 'Fault detection', 'PV monitoring', 'PV systems']"
Application of Artificial Neural Networks to photovoltaic fault detection and diagnosis: A review,LiB.,The rapid development of photovoltaic (PV) technology and the growing number and size of PV power plants require increasingly efficient and intelligent health monitoring strategies to ensure reliable operation and high energy availability. Among the various techniques， Artificial Neural Network (ANN) has exhibited the functional capacity to perform the identification and classification of PV faults. In the present review， a systematic study on the application of ANN and hybridized ANN models for PV fault detection and diagnosis (FDD) is conducted. For each application， the targeted PV faults， the detectable faults， the type and amount of data used， the model configuration and the FDD performance are extracted， and analyzed. The main trends， challenges and prospects for the application of ANN for PV FDD are extracted and presented.,Renewable and Sustainable Energy Reviews,2021-03-01,,https://www.sciencedirect.com/science/article/pii/S136403212030798X,ScienceDirect,"['Artificial neural network', 'Deep learning', 'Fault classification', 'Fault detection', 'Machine learning', 'Photovoltaic']"
MambaSOD: Dual Mamba-driven cross-modal fusion network for RGB-D Salient Object Detection,ZhanYue,The purpose of RGB-D Salient Object Detection (SOD) is to pinpoint the most visually conspicuous areas within images accurately. Numerous conventional models heavily rely on CNN and overlook the long-range contextual dependencies， subsequent transformer-based models have addressed the issue to some extent but introduce quadratic computational complexity. Moreover， incorporating spatial information from depth maps has been proven effective for this task and the primary challenge is how to effectively fuse the complementary information from RGB and depth. Recent advancements in Mamba， particularly its superior ability to perform long-range modeling within linear efficiency， have motivated our exploration of its potential in the RGB-D SOD task. In this paper， we propose a dual Mamba-driven cross-modal fusion network for RGB-D SOD， named MambaSOD， which effectively leverages Mamba’s long-range dependency modeling capability. Specifically， we employ a dual Mamba-driven feature extractor to process RGB and depth inputs to obtain features with global contextual information. Then， we design a cross-modal fusion Mamba to perform modality-specific feature enhancement and model the inter-modal correlation between the RGB and depth features. To the best of our knowledge， this work is an innovative attempt to explore the potential of the pure Mamba in the RGB-D SOD task， offering a novel perspective. Numerous experiments conducted on seven prevailing datasets demonstrate our method’s superiority over eighteen state-of-the-art RGB-D SOD models. The source code will be released at https://github.com/YueZhan721/MambaSOD.,Neurocomputing,2025-05-28,,https://www.sciencedirect.com/science/article/pii/S092523122500390X,ScienceDirect,"['Cross-modal Fusion Mamba', 'Mamba-based backbone', 'RGB-D salient object detection', 'State Space Model']"
FM-RTDETR: Small Object Detection Algorithm Based on Enhanced Feature Fusion with Mamba,YangYuchuan,Traditional real-time object detection networks deployed in unmanned aerial vehicles (UAVs) struggle to extract features from small objects in complex backgrounds with occlusions and overlapping objects. To address this challenge， we propose FM-RTDETR， a real-time object detection algorithm optimized for small object detection. We redesign the encoder of RT-DETRv2 by integrating the Feature Aggregation and Diffusion Network (FADN)， improving the algorithm's ability to capture contextual information. Subsequently， we introduce the Parallel Atrous Mamba Feature Fusion Module (PAMFFM)， which combines shallow and deep semantic information to better capture small object features. Furthermore， we propose the Cross-stage Enhanced Feature Fusion Module (CEFFM)， merging features for small objects to provide richer and more detailed information. Finally， we propose STIoU Loss， which incorporates a penalty term to adjust the scaling of the loss function， thereby improving detection granularity for small objects. FM-RTDETR achieves AP<sub>50</sub> scores of 54.0% and 56.3% on the VisDrone2019-DET and AI-TOD datasets. Compared with other state-of-the-art methods， our method shows great potential in small object detection from drones. The code is available at https://github.com/Yyc1999super/FM-RTDETR.,IEEE Signal Processing Letters,2025,,https://ieeexplore.ieee.org/document/10935299/,IEEE Xplore,"['Accuracy', 'Artificial intelligence', 'Convolution', 'Decoding', 'Feature extraction', 'Feature fusion', 'Object detection', 'RT-DETRv2', 'Real-time systems', 'Signal processing algorithms', 'Small object detection', 'Training', 'Transformers', 'VisDrone']"
MetaFormer Baselines for Vision,YuWeihao,MetaFormer， the abstracted architecture of Transformer， has been found to play a significant role in achieving competitive performance. In this paper， we further explore the capacity of MetaFormer， again， without focusing on token mixer design: we introduce several baseline models under MetaFormer using the most basic or common mixers， and summarize our observations as follows: (1) MetaFormer ensures solid lower bound of performance. By merely adopting identity mapping as the token mixer， the MetaFormer model， termed IdentityFormer， achieves >80% accuracy on ImageNet-1K. (2) MetaFormer works well with arbitrary token mixers. When specifying the token mixer as even a random matrix to mix tokens， the resulting model RandFormer yields an accuracy of >81%， outperforming IdentityFormer. Rest assured of MetaFormer's results when new token mixers are adopted. (3) MetaFormer effortlessly offers state-of-the-art results. With just conventional token mixers dated back five years ago， the models instantiated from MetaFormer already beat state of the art. (a) ConvFormer outperforms ConvNeXt. Taking the common depthwise separable convolutions as the token mixer， the model termed ConvFormer， which can be regarded as pure CNNs， outperforms the strong CNN model ConvNeXt. (b) CAFormer sets new record on ImageNet-1K. By simply applying depthwise separable convolutions as token mixer in the bottom stages and vanilla self-attention in the top stages， the resulting model CAFormer sets a new record on ImageNet-1K: it achieves an accuracy of 85.5% at 224x224 resolution， under normal supervised training without external data or distillation. In our expedition to probe MetaFormer， we also find that a new activation， StarReLU， reduces 71% FLOPs of activation compared with GELU yet achieves better performance. We expect StarReLU to find great potential in MetaFormer-like models alongside other neural networks.,IEEE Transactions on Pattern Analysis and Machine Intelligence,2/2024,,http://arxiv.org/abs/2210.13452,arXiv.org,"['Computer Science - Artificial Intelligence', 'Computer Science - Computer Vision and Pattern Recognition', 'Computer Science - Machine Learning']"
Omni-Kernel Network for Image Restoration,CuiYuning,Image restoration aims to reconstruct a high-quality image from a degraded low-quality observation. Recently， Transformer models have achieved promising performance on image restoration tasks due to their powerful ability to model long-range dependencies. However， the quadratically growing complexity with respect to the input size makes them inapplicable to practical applications. In this paper， we develop an efficient convolutional network for image restoration by enhancing multi-scale representation learning. To this end， we propose an omni-kernel module that consists of three branches， i.e.， global， large， and local branches， to learn global-to-local feature representations efficiently. Specifically， the global branch achieves a global perceptive field via the dual-domain channel attention and frequency-gated mechanism. Furthermore， to provide multi-grained receptive fields， the large branch is formulated via different shapes of depth-wise convolutions with unusually large kernel sizes. Moreover， we complement local information using a point-wise depth-wise convolution. Finally， the proposed network， dubbed OKNet， is established by inserting the omni-kernel module into the bottleneck position for efficiency. Extensive experiments demonstrate that our network achieves state-of-the-art performance on 11 benchmark datasets for three representative image restoration tasks， including image dehazing， image desnowing， and image defocus deblurring. The code is available at https://github.com/c-yn/OKNet.,Proceedings of the AAAI Conference on Artificial Intelligence,2024-03-24,en,https://ojs.aaai.org/index.php/AAAI/article/view/27907,ojs.aaai.org,['CV: Representation Learning for Vision']
Optimization and Validation of Wafer Surface Defect Detection Algorithm Based on RT-DETR,XuAo,In response to the issue of poor detection performance on wafer surface defect spots and elongated scratches， an improved RT-DETR method for wafer surface defect detection is proposed. Firstly， a dynamic snake convolutional layer is introduced to detect elongated scratches where conventional convolutional kernels fail to extract features effectively. Secondly， to address the problem of information loss in small targets， an attention-based Transformer encoder module and a feature fusion network based on residual thinking are proposed. Finally， verification is conducted using a wafer test dataset. Experimental results demonstrate that compared to the original RT-DETR method， the model exhibits a 4.1% improvement in detecting small particles and a 5.4% improvement in scratch detection performance. Fully meeting the requirements of intelligent manufacturing and high detection accuracy.,IEEE Access,2025,,https://ieeexplore.ieee.org/document/10892113/?arnumber=10892113,IEEE Xplore,"['Accuracy', 'Computational modeling', 'Data mining', 'Defect detection', 'Defects detection', 'Feature extraction', 'Kernel', 'Semiconductor device modeling', 'Shape', 'Standards', 'Transformers', 'deep learning', 'object detection']"
Foreign Object Shading Detection in Photovoltaic Modules Based on Transfer Learning,LiuBin,As a representative new energy source， solar energy has the advantages of easy access to resources and low pollution. However， due to the uncertainty of the external environment， photovoltaic (PV) modules that collect solar energy are often covered by foreign objects in the environment such as leaves and bird droppings， resulting in a decrease in photoelectric conversion efficiency， power losses， and even the “hot spot” phenomenon， resulting in damage to the modules. Existing methods mostly inspect foreign objects manually， which not only incurs high labor costs but also hinders real-time monitoring. To address these problems， this paper proposes an IDETR deep learning target detection model based on Deformable DETR combined with transfer learning and a convolutional block attention module， which can identify foreign object shading on the surfaces of PV modules in actual operating environments. This study contributes to the optimal operation and maintenance of PV systems. In addition， this paper collects data in the field and constructs a dataset of foreign objects of PV modules. The results show that the advanced model can significantly improve the target detection AP values.,Energies,2023/1,en,https://www.mdpi.com/1996-1073/16/7/2996,www.mdpi.com,"['convolutional block attention module', 'foreign object shading detection', 'photovoltaic module', 'transfer learning']"
PD-DETR: towards efficient parallel hybrid matching with transformer for photovoltaic cell defects detection,ZhaoLangyue,Defect detection for photovoltaic (PV) cell images is a challenging task due to the small size of the defect features and the complexity of the background characteristics. Modern detectors rely mostly on proxy learning objectives for prediction and on manual post-processing components. One-to-one set matching is a critical design for DEtection TRansformer (DETR) in order to provide end-to-end capability， so that does not need a hand-crafted Efficient Non-Maximum Suppression NMS. In order to detect PV cell defects faster and better， a technology called the PV cell Defects DEtection Transformer (PD-DETR) is proposed. To address the issue of slow convergence caused by DETR’s direct translation of image feature mapping into target detection results， we created a hybrid feature module. To achieve a balance between performance and computation， the image features are passed through a scoring network and dilated convolution， respectively， to obtain the foreground fine feature and contour high-frequency feature. The two features are then adaptively intercepted and fused. The capacity of the model to detect small-scale defects under complex background conditions is improved by the addition of high-frequency information. Furthermore， too few positive queries will be assigned to the defect target via one-to-one set matching， which will result in sparse supervision of the encoder and impair the decoder’s ability of attention learning. Consequently， we enhanced the detection effect by combining the original DETR with the one-to-many matching branch. Specifically， two Faster RCNN detection heads were added during training. To maintain the end-to-end benefits of DETR， inference is still performed using the original one-to-one set matching. Our model implements 64.7% AP on the PVEL-AD dataset.,Complex & Intelligent Systems,2024-12-01,en,https://doi.org/10.1007/s40747-024-01559-0,Springer Link,"['DETR', 'Fine feature', 'High-frequency feature', 'One-to-many set matching', 'PV cell defects']"
LW-PV DETR: lightweight model for photovoltaic panel surface defect detection,HanTao,The photovoltaic industry is developing rapidly， and efficiently completing the operation and maintenance of photovoltaic systems has become a research hotspot， with photovoltaic panel defect detection being particularly critical. Due to factors such as the complex background of infrared images of photovoltaic panels taken by drones， the small proportion of defect areas， and equipment limitations， existing models face challenges in detection accuracy and deployment. Aiming at the three typical defects commonly found on the surface of photovoltaic (PV) panels， namely， shading， glass breakage and hot spots， a surface defect detection model (LW-PV DETR) for photovoltaic panels is proposed based on the Real-Time DEtection TRansformer (RT-DETR-R18) object detection model. In the backbone network， a lightweight and efficient attention feature extraction module (Faster-Rep-EMA Block) is designed to enhance the model feature extraction ability. In the Encoder， the lightweight convolution (GSConv) module is introduced to achieve model lightweighting. The feature focusing diffusion pyramid network (FFDPN) is proposed to enhance the model’s feature fusion capability. Simultaneously， to avoid the loss of small object features， a multi-level feature selective fusion (MLFSF) module is designed for feature focusing. For the loss function， Inner-IoU is introduced to improve the localization accuracy of bounding box regression. Experimental results on the public photovoltaic panel infrared image dataset GB_HSP_modified show that， compared to the baseline model， LW-PV DETR improves precision， recall， and mean Average Precision (mAP50， mAP50-95) by 3.9%， 18.6%， 18.5% and 10.9%， respectively， while the model’s parameter count is reduced by 11.83%. Compared to other mainstream object detection models， LW-PV DETR also demonstrates excellent detection performance， providing an important reference for research on intelligent detection of photovoltaic panel surface defects.,Engineering Research Express,2025-02,en,https://dx.doi.org/10.1088/2631-8695/adb4be,Institute of Physics,[]
A novel cost-function for transformerbased YOLO algorithm to detect photovoltaic panel defects,TellaHambal,Solar panel defects can lead to substantial efficiency loss and increased maintenance expenses. Conventional defect detection methods are often slow and ineffective. Thisstudy revisits the You Only Look Once (YOLO) algorithm and its variations， assessing their efficacy in identifying defects in thermal images of solar panels. Subsequently， we introduce a novel YOLO algorithm， termed YOLOS-PV， built uponthe transformer-based YOLOS algorithm. The proposed algorithm introduces newloss function weights to prioritize localized objects and visualize the attention mapof each transformer head within the YOLOS algorithm. In the experiments， theYOLOS-PV achieves a mAP@0.5:0.95 score of 0.894， surpassing the efficiency ofother YOLO variants. Code implementation can be found here: tella26/YOLOS-PV (github.com).,FME Transactions,2024,en,https://scindeks.ceon.rs/Article.aspx?artid=1451-20922404639T,DOI.org (Crossref),[]
CCA-YOLO: Channel and Coordinate Aware-Based YOLO for Photovoltaic Cell Defect Detection in Electroluminescence Images,BaoJunqi,Solar energy is a renewable energy used for urban power generation， contributing to sustainable cities. In solar energy generation， it is important to inspect the health of photovoltaic (PV) cells for safety and power transformation efficiency. Defects in PV cells are usually irregular with different scales， challenging automated defect detection for PV cells. Therefore， this article presents a channel and coordinate aware-based YOLO (CCA-YOLO) for efficient PV cell defect detection. Specifically， to provide accurate backbone features from the complex background defect images， the residual coordinate convolution-based ECA (RCC-ECA) enhances the backbone feature representation by learning from channel and coordinate information. To learn the intraclass/interclass variations and interclass similarity and convey coordinate information among different scales， the multiscale defect feature localization module (MDFLM) incorporates a larger backbone feature to improve the robustness of multiscale defects. The RCC-Up/Down optimizes the sampled features to minimize the inaccurate representation of the features caused by the sampling process. In addition， RCC-Up/Down conveys the coordinate information during the up/down sampling process to maintain coordinate awareness， which allows the network to learn from the coordinate information efficiently. Furthermore， the residual feature fusion with coordinate convolution-based CBAM (RFC-CBAM) is introduced to maintain the channel and coordinate awareness for efficient learning from fused features. The proposed CCA-YOLO outperforms state-of-the-art (SOTA) methods in PVEL-AD on precision (71.71%)， recall (76.91%)， F1-Scores (74.19%)， mAP50 (98.57%)， \text AP_S (26.80%)， \text AP_M (64.78%)， and \text AP_L (74.93%).,IEEE Transactions on Instrumentation and Measurement,2025,,https://ieeexplore.ieee.org/stampPDF/getPDF.jsp?tp=&arnumber=10884963&ref=,IEEE Xplore,"['Accuracy', 'Computer architecture', 'Convolutional neural networks', 'Defect detection', 'Feature extraction', 'Industries', 'Photovoltaic cells', 'Shape', 'Transformers', 'YOLO', 'defect detection', 'electroluminescence images', 'photovoltaic (PV) cell']"
A novel object recognition method for photovoltaic (PV) panel occlusion based on deep learning,YuJing,During the long-term operation of the photovoltaic (PV) system， occlusion will reduce the solar radiation energy received by the PV module， as well as the photoelectric conversion efficiency and economy. However， the occlusion detection of the PV power station has the defects of low efficiency， poor accuracy， and untimely detection， which will cause unknown system losses. Based on the deep learning algorithm， this paper conducts research on PV module occlusion detection. In order to accurately obtain the occlusion area and position information of the PV panel， a PV module occlusion detection model based on the Segment-You Only Look Once (Seg-YOLO) algorithm is established. Based on the YOLOv5 algorithm， the loss function is modified， the Segment Head detection module is introduced， and the convolutional block attention module (CBAM) attention mechanism is added to achieve the accurate detection of small targets by the algorithm model and the fast detection of the PV module occlusion area identify. The model performance research is carried out on three types of occlusion datasets: leaf， bird dropping， and shadow. According to the experimental results， the proposed model has better recognition accuracy and speed than SSD， Faster-Rcnn， YOLOv4， and U-Net. The precision rate， recall rate， and recognition speed can reach 90.52%， 92.41%， and 92.3 FPS， respectively. This model can lay a theoretical foundation for the intelligent operation and maintenance of PV systems.,Journal of Computational Methods in Sciences and Engineering,2023-11-01,en,https://journals.sagepub.com/doi/abs/10.3233/JCM-237108,SAGE Journals,[]
Solar panel defect detection design based on YOLO v5 algorithm,HuangJing,,Heliyon,2023-08-01,English,https://www.cell.com/heliyon/abstract/S2405-8440(23)06034-6,www.cell.com,"['Defect detection', 'Electrical safety', 'Solar panels', 'YOLO v5']"
ST-YOLO: A defect detection method for photovoltaic modules based on infrared thermal imaging and machine vision technology,XieHanfei,Photovoltaic panels are the core components of photovoltaic power generation systems， and their quality directly affects power generation efficiency and circuit safety. To address the shortcomings of existing photovoltaic defect detection technologies， such as high labor costs， large workloads， high sensor failure rates， low reliability， high false alarm rates， high network demands， and slow detection speeds of traditional algorithms， we propose an algorithm named ST-YOLO specifically for photovoltaic module defect detection. This algorithm is based on YOLOv8s. First， it introduces the C2f-SCconv convolution module， which is based on SCconv convolution. This module reduces the computational burden of model parameters and improves detection speed through lightweight design. Additionally， the Triplet Attention mechanism is incorporated， significantly enhancing detection accuracy without substantially increasing model parameter computations. Experiments on a self-built photovoltaic array infrared defect image dataset show that ST-YOLO， compared to the baseline YOLOv8s， achieves a 15% reduction in model weight， a 2.9% improvement in Precision， and a 1.4% increase in mAP@0.5. Compared to YOLOv7-Tiny and YOLOv5s， ST-YOLO also demonstrates superior detection performance and advantages. This indicates that ST-YOLO has significant application value in photovoltaic defect detection.,PLOS ONE,2024年12月12日,en,https://journals.plos.org/plosone/article?id=10.1371/journal.pone.0310742,PLoS Journals,"['Algorithms', 'Alternative energy', 'Convolution', 'Imaging techniques', 'Machine learning algorithms', 'Photovoltaic power', 'Power stations', 'Sunlight']"
PA-YOLO-Based Multifault Defect Detection Algorithm for PV Panels,YinWang,In recent years， solar photovoltaic (PV) energy， as a clean energy source， has received widespread attention and experienced rapid growth worldwide. However， the rapid growth of PV power deployment also brings important challenges to the maintenance of PV panels， and in order to solve this problem， this paper proposes an innovative algorithm based on PA-YOLO. First， we propose to use PA-YOLO’s asymptotic feature pyramid network (AFPN) instead of YOLOv7’s backbone network to support direct interactions of nonadjacent layers and avoid large semantic gaps between nonadjacent layers. For the occlusion problem of dense targets in the dataset， we introduce a repulsive loss function， which successfully reduces the occurrence of false detection situations. Finally， we propose a customized convolutional block equipped with an EMA mechanism to enhance the perceptual and expressive capabilities of the model. Experimental results on the dataset show that our proposed model achieves excellent performance with an average accuracy (mAP) of 94.5%， which is 6.8% higher than YOLOv7. In addition， our algorithm also succeeds in drastically reducing the model size from 71.3 MB to 48.4 MB， which well demonstrates the effectiveness of the model.,International Journal of Photoenergy,2024,en,https://onlinelibrary.wiley.com/doi/abs/10.1155/2024/6113260,Wiley Online Library,[]
Enhanced photovoltaic panel defect detection via adaptive complementary fusion in YOLO-ACF,PanWenwen,Detecting defects on photovoltaic panels using electroluminescence images can significantly enhance the production quality of these panels. Nonetheless， in the process of defect detection， there often arise instances of missed detections and false alarms due to the close resemblance between embedded defect features and the intricate background information. To tackle this challenge， we propose an Adaptive Complementary Fusion (ACF) module designed to intelligently integrate spatial and channel information. This module is seamlessly integrated into YOLOv5 for detecting defects on photovoltaic panels， aiming primarily to enhance model detection performance， achieve model lightweighting， and accelerate detection speed. In order to validate the efficacy of the proposed module， we conducted experiments using a dataset comprising 4500 electroluminescence images of photovoltaic panels. Compared to the cutting-edge detection capability of YOLOv8， our YOLO-ACF method exhibits enhancements of 5.2， 0.8， and 2.3 percentage points in R， mAP50， and mAP50-95， respectively. In contrast to the lightest and fastest YOLOv5， YOLO-ACF achieves reductions of 12.9%， 12.4%， and 4.2% in parameters， weight， and time， respectively， while simultaneously boosting FPS by 5%. Through qualitative and quantitative comparisons with various alternative methods， we demonstrate that our YOLO-ACF strikes a good balance between detection performance， model complexity， and detection speed for defect detection on photovoltaic panels. Moreover， it demonstrates remarkable versatility across a spectrum of defect types.,Scientific Reports,2024-11-02,en,https://www.nature.com/articles/s41598-024-75772-9,www.nature.com,"['Computer science', 'Object vision', 'Photovoltaics', 'Solar energy and photovoltaic technology']"
CEMP-YOLO: An infrared overheat detection model for photovoltaic panels in UAVs,HongYan,Aiming at the complex working conditions of actual PV power stations， traditional PV panel detection methods employed by operators still result in some faults and safety risks. Under the framework of the YOLOv10n model， a CEMP-YOLOv10n-based infrared image detection algorithm for photovoltaic power plants is proposed. The improvements in CEMP-YOLOv10n comprise four main components. The ABCG_Block structure was designed， and the C2f structure within the Backbone component was optimized to enhance feature extraction capabilities. The ERepGFPN structure is used in the Neck component to retain semantic information and fuse features between high and low layers. The detector head was optimized with PConv convolution to minimize redundant information. Finally， MECA attention was added before P3， P4， and P5 detection heads to enhance adaptive recognition and accuracy.Experimental validation using infrared UAV imagery of PV panels shows the model’s computational cost decreased to 4.7 GFLOPs， 72.3 % of the original. Parameters and weights decreased by 25.99 % and 24.13 %， respectively， while accuracy and mean average precision (mAP) improved by 8.3% and 2 %， reaching 86.6 % and 87.3 %. Compared to 13 YOLO-series algorithms， including DETR， YOLOv8n， YOLOv9-tiny， and YOLOv11n， the CEMP-YOLOv10n model demonstrates superior accuracy， parameter efficiency， and memory consumption. The CEMP-YOLOv10n model significantly improves defect recognition accuracy， reduces missed detections， and balances lightweight design with detection speed. This lays the foundation for future UAV inspection edge device deployment and smart PV big data platform creation.,Digital Signal Processing,06/2025,en,https://linkinghub.elsevier.com/retrieve/pii/S1051200425000946,DOI.org (Crossref),[]
In-Depth Review of YOLOv1 to YOLOv10 Variants for Enhanced Photovoltaic Defect Detection,HussainMuhammad,This review presents an investigation into the incremental advancements in the YOLO (You Only Look Once) architecture and its derivatives， with a specific focus on their pivotal contributions to improving quality inspection within the photovoltaic (PV) domain. YOLO’s single-stage approach to object detection has made it a preferred option due to its efficiency. The review unearths key drivers of success in each variant， from path aggregation networks to generalised efficient layer aggregation architectures and programmable gradient information， presented in the latest variant， YOLOv10， released in May 2024. Looking ahead， the review predicts a significant trend in future research， indicating a shift toward refining YOLO variants to tackle a wider array of PV fault scenarios. While current discussions mainly centre on micro-crack detection， there is an acknowledged opportunity for expansion. Researchers are expected to delve deeper into attention mechanisms within the YOLO architecture， recognising their potential to greatly enhance detection capabilities， particularly for subtle and intricate faults.,Solar,2024/9,en,https://www.mdpi.com/2673-9941/4/3/16,www.mdpi.com,"['YOLO', 'computer vision', 'convolutional neural networks', 'deep learning', 'object detection', 'photovoltaic', 'quality inspection: manufacturing']"
PV-YOLO: Lightweight YOLO for Photovoltaic Panel Fault Detection,YinWang,The rapid development of the photovoltaic industry in recent years has made the efficient and accurate completion of photovoltaic operation and maintenance a major focus in recent studies. The key to photovoltaic operation and maintenance is the accurate multifault identification of photovoltaic panel images collected using drones. In this paper， PV-YOLO is proposed to replace YOLOX’s backbone network， CSPDarknet53， with a transformer-based PVTv2 network to obtain local connections between images and feature maps to extract more edge-detail features of similar faults. The CBAM attention mechanism is added to enhance the effective features and improve the detection accuracy of small objects. The label assignment mechanism is optimized， and the SIoU loss functionis used to improve the uneven distribution of samples and accelerate network convergence. Experiments on the dataset prove that this method is superior to the existing technology， as the highest mAP value is 92.56%. This value is 10.46% higher than that of YOLOX， and the mAP is optimal under the same parameter magnitude，proving the model’s effectiveness.Moreover， mAP is increased by over 10%， especially for small targets. In this paper， we implemented a lightweight design for the model， and proposes four models of different sizes to be-sized models that are suitable for different detection scenarios.,IEEE Access,2023,,https://ieeexplore.ieee.org/abstract/document/10032147,IEEE Xplore,"['Deep learning', 'Feature extraction', 'Mathematical models', 'Object detection', 'Photovoltaic panel failure', 'Photovoltaic systems', 'Transformers', 'YOLOX', 'lightweight', 'target detection', 'transformer']"
Hybrid Deep Learning Model for Fault Detection and Classification of Grid-Connected Photovoltaic System,AlrifaeyMoath,Effective fault detection and classification play essential roles in reducing the hazards such as electric shocks and fire in photovoltaic (PV) systems. However， the issues of interest in fault detection and classification for PV systems remain an open-ended challenge due to manual and time-consuming processes that require the relevant domain knowledge and experience of fault diagnoses. This paper proposes a hybrid deep-learning (DL) model-based combined architectures as the novel DL approaches to achieve the real-time automatic fault detection and classification of a PV system. This research employed the wavelet packet transform (WPT) as a data preprocessing technique to handle the PV voltage signal collected and feeding them as the inputs for combined DL architectures that consist of the equilibrium optimizer algorithm (EOA) and long short-term memory (LSTM-SAE) approaches. The combined DL architectures are able to extract the fault features automatically from the preprocessed data without requiring any previous knowledge， therefore can override the traditional shortages of manual feature extraction and manual selection of optimal features from the extracted fault features. These desirable features are anticipated to speed up the fault detection and classification capability of the proposed DL model with higher accuracy. In order to determine the performance of the proposed fault model， we carried out a comprehensive evaluation study on a 250-kW grid-connected PV system. In this paper， symmetrical and asymmetrical faults have been studied involving all the phases and ground faults such as single phase to ground， phases to phase， phase to phase to ground， and three-phase to ground. The simulation results validate the efficacy of the proposed model in terms of computation time， accuracy of fault detection， and noise robustness. Comprehensive comparisons between the simulation results and previous studies demonstrate the multidisciplinary applications of the present study.,IEEE Access,2022,,https://ieeexplore.ieee.org/document/9668848/?arnumber=9668848,IEEE Xplore,"['Deep distributed energy', 'Fault detection', 'Feature extraction', 'Maintenance engineering', 'Photovoltaic systems', 'Renewable energy sources', 'Support vector machines', 'Wavelet packets', 'equilibrium optimizer algorithm (EOA)', 'fault detection and classification', 'grid-connected photovoltaic systems', 'optimal feature selection', 'wavelet packet transform (WPT)']"
EfficientDet: Scalable and Efficient Object Detection,TanMingxing,Model efﬁciency has become increasingly important in computer vision. In this paper， we systematically study neural network architecture design choices for object detection and propose several key optimizations to improve efﬁciency. First， we propose a weighted bi-directional feature pyramid network (BiFPN)， which allows easy and fast multi-scale feature fusion; Second， we propose a compound scaling method that uniformly scales the resolution， depth， and width for all backbone， feature network， and box/class prediction networks at the same time. Based on these optimizations and EfﬁcientNet backbones， we have developed a new family of object detectors， called EfﬁcientDet， which consistently achieve much better efﬁciency than prior art across a wide spectrum of resource constraints. In particular， with single-model and single-scale， our EfﬁcientDetD7 achieves state-of-the-art 52.2 AP on COCO test-dev with 52M parameters and 325B FLOPs1， being 4x – 9x smaller and using 13x – 42x fewer FLOPs than previous detector. Code is available at https://github.com/google/ automl/tree/master/efficientdet.,,,en,,Zotero,[]
MetaFormer Is Actually What You Need for Vision,YuWeihao,Transformers have shown great potential in computer vision tasks. A common belief is their attention-based token mixer module contributes most to their competence. However， recent works show the attention-based module in transformers can be replaced by spatial MLPs and the resulted models still perform quite well. Based on this observation， we hypothesize that the general architecture of the transformers， instead of the specific token mixer module， is more essential to the model’s performance. To verify this， we deliberately replace the attention module in transformers with an embarrassingly simple spatial pooling operator to conduct only basic token mixing. Surprisingly， we observe that the derived model， termed as PoolFormer， achieves competitive performance on multiple computer vi∗Work done during an internship at Sea AI Lab.,,,en,,Zotero,[]
Faster R-CNN: Towards Real-Time Object Detection with Region Proposal Networks,RenShaoqing,State-of-the-art object detection networks depend on region proposal algorithms to hypothesize object locations. Advances like SPPnet [1] and Fast R-CNN [2] have reduced the running time of these detection networks， exposing region proposal computation as a bottleneck. In this work， we introduce a Region Proposal Network(RPN) that shares full-image convolutional features with the detection network， thus enabling nearly cost-free region proposals. An RPN is a fully convolutional network that simultaneously predicts object bounds and objectness scores at each position. The RPN is trained end-to-end to generate high-quality region proposals， which are used by Fast R-CNN for detection. We further merge RPN and Fast R-CNN into a single network by sharing their convolutional features-using the recently popular terminology of neural networks with 'attention' mechanisms， the RPN component tells the unified network where to look. For the very deep VGG-16 model [3]， our detection system has a frame rate of 5 fps (including all steps) on a GPU， while achieving state-of-the-art object detection accuracy on PASCAL VOC 2007， 2012， and MS COCO datasets with only 300 proposals per image. In ILSVRC and COCO 2015 competitions， Faster R-CNN and RPN are the foundations of the 1st-place winning entries in several tracks. Code has been made publicly available.,IEEE Transactions on Pattern Analysis and Machine Intelligence,2017-06,,https://ieeexplore.ieee.org/abstract/document/7485869,IEEE Xplore,"['Convolutional codes', 'Detectors', 'Feature extraction', 'Object detection', 'Proposals', 'Search problems', 'Training', 'convolutional neural network', 'region proposal']"
An efficient CNN-based detector for photovoltaic module cells defect detection in electroluminescence images,LiuQing,Electroluminescence (EL) imaging provides a high spatial resolution for inspecting photovoltaic (PV) cells， enabling the detection of various types of PV cell defects. Recently， convolutional neural network (CNN) based automatic detection methods for PV cell defects using EL images have attracted much attention. However， existing methods struggle to achieve a good balance between detection accuracy and efficiency. To address this issue， we propose a novel method for efficient PV cell defect detection. Firstly， we utilize Contrast Limited Adaptive Histogram Equalization (CLAHE) algorithm to improve EL image contrast， making defect features become more distinguishable. Secondly， we propose a lightweight defect detector using EfficientNet-B0 as its backbone. Moreover， we design a graph channel attention module (GCAM) to improve CNN’s limitation in modeling global information. It executes graph channel reasoning to generate enriched feature representation beyond the local receptive field， which is beneficial for distinguishing PV cell defects with similar local details. Next， we utilize focal loss to train the detector， enhancing its ability to detect challenging defects. Lastly， the proposed method is evaluated on the PVEL dataset and it achieved an accuracy of 97.81%， precision of 97.70%， recall of 97.59%， F1-score of 97.64%， and MCC of 97.32%， demonstrating our method is effective and outperforms state-of-the-art methods across various metrics.,Solar Energy,2024-01-01,,https://www.sciencedirect.com/science/article/pii/S0038092X23008794,ScienceDirect,"['CLAHE', 'Electroluminescence imaging', 'Focal loss', 'Graph channel attention module', 'Lightweight defect detector', 'Photovoltaic cell defect detection']"
Use of Drone and Infrared Camera for a Campus Building Envelope Study,AriwoolaRaheem,,Electronic Theses and Dissertations,2016-05-01,,https://dc.etsu.edu/etd/3018,,[]
UAV Remote Sensing Image Dehazing Based on Double-Scale Transmission Optimization Strategy,ZhangKemeng,Current dehazing methods for unmanned aerial vehicle (UAV) remote sensing images often have texture detail loss and color distortion problems， especially in highlighted regions. This is mainly due to the rich texture and low intensity of UAV remote sensing images being ignored， which results in incorrect transmission estimation. In this letter， we propose a UAV remote sensing image dehazing method based on a double-scale transmission optimization strategy. First， we propose a double-scale optimization strategy to estimate the transmission map with more accurate texture details and color preservation， especially in highlighted regions of hazy UAV images that are most severely distorted. Second， a UAV-adaptive haze-line prior algorithm is proposed to address the large scene depth and low intensity of UAV remote sensing images. Finally， we introduce a luminance-weighted frequency-domain saliency model to avoid texture detail loss and color distortions for better transmission optimization， especially in highlighted regions. Compared with state-of-the-art methods， our method shows better detail performance and visual effects， especially for UAV images with highlighted regions.,IEEE Geoscience and Remote Sensing Letters,2022,,https://ieeexplore.ieee.org/document/9888129,IEEE Xplore,"['Autonomous aerial vehicles', 'Dehazing', 'Distortion', 'Feature extraction', 'Image color analysis', 'Optimization', 'Propagation losses', 'Remote sensing', 'remote sensing', 'saliency detection', 'transmission optimization', 'unmanned aerial vehicle (UAV)']"
Safety Performance of Unsignalized Median U-Turn Intersections,KayJonathan,Alternative intersection designs can offer safety and operational benefits with potentially lower costs than conventional intersections when implemented in the proper setting. The Federal Highway Administration has previously identified a subset of alternative designs called reduced left-turn conflict intersections as a proven safety countermeasure. Median U-turn intersections (also known as “Michigan lefts” or “boulevard turnarounds”) are one such design that accommodates all left-turn movements via directional U-turn crossovers within the median. Prior work has consistently shown that median U-turn intersections can provide superior safety performance when used in the appropriate conditions. However， research that is specific to unsignalized reduced left-turn conflict intersections continues to be limited to work conducted before the Highway Safety Manual， or which includes restricted crossing U-turn intersections. This study included the evaluation of historical traffic crashes and volume data at 95 unsignalized intersections in the state of Michigan. This included the collection of data for 39 median U-turn sites and 56 reference group sites to estimate safety performance functions and crash modification factors that can be used when considering future conversions. Ultimately， crash modification factors for fatal and injury crashes of 0.438 and 0.686 are recommended when converting intersections with undivided two-lane two-way major approaches and four-lane divided boulevard major approaches， respectively. Although there was no significant difference in property damage only crashes associated with converting intersections with undivided， two-lane， two-way major approaches， a crash modification factor of 1.325 is recommended for property damage only crashes specific to conversions with four-lane， divided boulevard major approaches.,Transportation Research Record: Journal of the Transportation Research Board,2022-04-29,,,ResearchGate,[]
Safety Performance of Unsignalized Median U-Turn Intersections,KayJonathan,Alternative intersection designs can offer safety and operational benefits with potentially lower costs than conventional intersections when implemented in the proper setting. The Federal Highway Administration has previously identified a subset of alternative designs called reduced left-turn conflict intersections as a proven safety countermeasure. Median U-turn intersections (also known as “Michigan lefts” or “boulevard turnarounds”) are one such design that accommodates all left-turn movements via directional U-turn crossovers within the median. Prior work has consistently shown that median U-turn intersections can provide superior safety performance when used in the appropriate conditions. However， research that is specific to unsignalized reduced left-turn conflict intersections continues to be limited to work conducted before the Highway Safety Manual， or which includes restricted crossing U-turn intersections. This study included the evaluation of historical traffic crashes and volume data at 95 unsignalized intersections in the state of Michigan. This included the collection of data for 39 median U-turn sites and 56 reference group sites to estimate safety performance functions and crash modification factors that can be used when considering future conversions. Ultimately， crash modification factors for fatal and injury crashes of 0.438 and 0.686 are recommended when converting intersections with undivided two-lane two-way major approaches and four-lane divided boulevard major approaches， respectively. Although there was no significant difference in property damage only crashes associated with converting intersections with undivided， two-lane， two-way major approaches， a crash modification factor of 1.325 is recommended for property damage only crashes specific to conversions with four-lane， divided boulevard major approaches.,Transportation Research Record: Journal of the Transportation Research Board,2022-04-29,,,ResearchGate,[]
PVF-10: A high-resolution unmanned aerial vehicle thermal infrared image dataset for fine-grained photovoltaic fault classificationPVF-10： 用于精细光伏故障分类的高分辨率无人机热红外图像数据集,WangBo,Accurate identification of faulty photovoltaic (PV) modules is crucial for the effective operation and maintenance of PV systems. Deep learning (DL) algorithms exhibit promising potential for classifying PV fault (PVF) from thermal infrared (TIR) images captured by unmanned aerial vehicle (UAV)， contingent upon the availability of extensive and high-quality labeled data. However， existing TIR PVF datasets are limited by low image resolution and incomplete coverage of fault types. This study proposes a high-resolution TIR PVF dataset with 10 classes， named PVF-10， comprising 5579 cropped images of PV panels collected from 8 PV power plants. These classes are further categorized into two groups according to the repairability of PVF， with 5 repairable and 5 irreparable classes each. Additionally， the circuit mechanisms underlying the TIR image features of typical PVF types are analyzed， supported by high-resolution images， thereby providing comprehensive information for PV operators. Finally， five state-of-the-art DL algorithms are trained and validated based on the PVF-10 dataset using three levels of resampling strategy. The results show that the overall accuracy (OA) of these algorithms exceeds 83%， with the highest OA reaching 93.32%. Moreover， the preprocessing procedure involving resampling and padding strategies are beneficial for improving PVF classification accuracy using PVF-10 datasets. The developed PVF-10 dataset is expected to stimulate further research and innovation in PVF classification.,Applied Energy,2024-12-15,,https://www.sciencedirect.com/science/article/pii/S0306261924015708,ScienceDirect,"['Classification', 'Deep learning', 'Photovoltaic fault', 'Thermal infrared data', 'Unmanned aerial vehicle']"
Optimal time trajectory and coordination for connected and automated vehicles,MalikopoulosAndreas A.,In this paper， we provide a decentralized theoretical framework for coordination of connected and automated vehicles (CAVs) at different traffic scenarios. The framework includes: (1) an upper-level optimization that yields for each CAV its optimal time trajectory and lane to pass through a given traffic scenario while alleviating congestion; and (2) a low-level optimization that yields for each CAV its optimal control input (acceleration/deceleration). We provide a complete， analytical solution of the low-level optimization problem that includes the rear-end， speed-dependent safety constraint. Furthermore， we provide a problem formulation for the upper-level optimization in which there is no duality gap. The latter implies that the optimal time trajectory for each CAV does not activate any of the state， control， and safety constraints of the low-level optimization， thus allowing for online implementation. Finally， we present a geometric duality framework with hyperplanes to derive the condition under which the optimal solution of the upper-level optimization always exists. We validate the effectiveness of the proposed theoretical framework through simulation.,Automatica,2021-03-01,,https://www.sciencedirect.com/science/article/pii/S0005109820306671,ScienceDirect,"['Autonomous intersections', 'Connected and automated vehicles', 'Cyber–physical systems', 'Decentralized optimal control', 'Emerging mobility', 'Path planning']"
Optimal traffic operation for maximum energy efficiency in signal-free urban networks: A macroscopic analytical approach,AmirgholyMahyar,The integration of artificial intelligence and wireless communication technologies in communicant autonomous vehicles (CAVs) enables coordinating the movement of CAV platoons at signal-free intersections. The capacity of signal-free intersections can be significantly improved by adjusting traffic variables at a macroscopic scale; however， the resulting improvement in the capacity does not necessarily have a positive impact on the energy consumption of CAVs at the network level. In this research， we develop an analytical model to enhance energy efficiency by optimizing macroscopic traffic variables in signal-free networks. To this end， we adopt a macroscopic modeling approach to estimate the operational capacity by accounting for the stochasticity resulting from the error in synchronizing the arrival and departure of consecutive platoons in crossing directions at intersections. We also develop a macrolevel analytical model to estimate expected energy loss during the acceleration/deceleration maneuver required for resynchronization at intersections as a function of synchronization success probability. We then maximize energy efficiency by minimizing expected energy loss and maximizing expected capacity in a biobjective optimization framework. We solve the energy efficiency problem using an analytical approach to derive a closed-form solution for the optimal traffic speed and the length of the marginal gap between the passage of consecutive platoons in crossing directions through intersections for a (general) normal distribution of the operational error. Having the closed-form solution of the energy efficiency problem， we balance the trade-off between energy loss and operational capacity at a large scale by extending the analytical model to the network level using the Macroscopic Fundamental Diagram (MFD) concept. The results of our two-ring simulation model indicate the accuracy of the proposed analytical model in estimating the macroscopic relationship between the expected energy loss at intersections and the vehicular density in signal-free networks. Our numerical results also show that optimizing the traffic speed and marginal gap length can improve energy efficiency by 31% at the cost of a 16% decrease in maximum capacity.,Applied Energy,2023-01-01,,https://www.sciencedirect.com/science/article/pii/S030626192201385X,ScienceDirect,"['Autonomous vehicles', 'Biobjective optimization', 'Closed-form solution', 'Energy efficiency', 'Macroscopic fundamental diagram']"
Optimal Coordination of Platoons of Connected and Automated Vehicles at Signal-Free Intersections,KumaravelSharmila Devi,In this paper， we address the problem of coordinating platoons of connected and automated vehicles crossing a signal-free intersection. We present a decentralized， two-level optimal framework to coordinate the platoons with the objective to minimize travel delay and fuel consumption of every platoon crossing the intersection. At the upper-level， each platoon leader derives a proven optimal schedule to enter the intersection. At the low-level， the platoon leader derives their optimal control input (acceleration/deceleration) for the optimal schedule derived in the upper-level. We validate the effectiveness of the proposed framework in simulation and show significant improvements both in travel delay and fuel consumption compared to the baseline scenarios where platoons enter the intersection based on first-come-first-serve and longest queue first - maximum weight matching scheduling algorithms.,IEEE Transactions on Intelligent Vehicles,2022-06,,https://ieeexplore.ieee.org/abstract/document/9484798,IEEE Xplore,"['Delays', 'Fuels', 'Merging', 'Optimal control', 'Optimal scheduling', 'Platoons coordination', 'Schedules', 'Scheduling', 'connected and automated vehicles', 'intersection control']"
Optimal Control for Connected and Autonomous Vehicles at Signal-Free Intersections,ChenBoli,The development of connected and autonomous vehicles (CAVs) is one of the central aspects in the pathway towards future intelligent mobility systems. This paper addresses the problem of coordinating CAVs crossing an uncontrolled intersection so as to maintain safe and efficient traffic flow. The proposed control strategy is based on an optimal control framework that is formulated to minimize a weighted sum of total energy consumption and travel time of all CAVs by finding the optimal velocity trajectory of each vehicle. The design procedure starts with a proper formulation of the autonomous intersection crossing problem for CAVs， with various cases of energy recovery capability by the CAVs considered， to also investigate the influence of powertrain electrification on the intersection crossing problem. This yields an optimal control problem (OCP) with nonlinear and nonconvex dynamics and constraints. In order to ensure a rapid solution search and a unique global optimum， the OCP is reformulated via convex modeling techniques. Numerical results validate the effectiveness of the proposed approaches， while the trade-off between energy consumption and travel time is illustrated by Pareto optimal solutions.,IFAC-PapersOnLine,2020-01-01,,https://www.sciencedirect.com/science/article/pii/S2405896320330056,ScienceDirect,"['Connected', 'Energy consumption', 'Intersections crossing', 'Optimization', 'Velocity control', 'autonomous vehicles']"
Optimal Cooperative Driving at Signal-Free Intersections With Polynomial-Time Complexity,PeiHuaxin,Cooperative driving at signal-free intersections， which aims to improve driving safety and efficiency for connected and automated vehicles， has attracted increasing interest in recent years. However， existing cooperative driving strategies either suffer from computational complexity or cannot guarantee global optimality. To fill this research gap， this paper proposes an optimal and computationally efficient cooperative driving strategy with the polynomial-time complexity. By modeling the conflict relations among the vehicles， the solution space of the cooperative driving problem is completely represented by a newly designed small-size state space. Then， based on dynamic programming， the globally optimal solution can be searched inside the state space efficiently. It is proved that the proposed strategy can reduce the time complexity of computation from exponential to a small-degree polynomial. Simulation results further demonstrate that the proposed strategy can obtain the globally optimal solution within a limited computation time under various traffic demand settings.,IEEE Transactions on Intelligent Transportation Systems,2022-08,,https://ieeexplore.ieee.org/abstract/document/9569746,IEEE Xplore,"['Connected and automated vehicles', 'Dynamic programming', 'Merging', 'Safety', 'Simulation', 'Space vehicles', 'Time complexity', 'Vehicle dynamics', 'cooperative driving', 'dynamic programming', 'signal-free intersection']"
Modeling vehicle U-turning behavior near intersections: A deep learning approach based on TCN and multi-head attention,ZengWeiliang,In U-turn bays near intersections， the conflict between U-turning vehicles and those going straight-ahead results in traffic accidents since straight-ahead vehicles cannot reliably anticipate the behavior of oncoming U-turning vehicles. However， previous studies on modeling U-turning behavior do not effectively capture the spatial–temporal interaction between the U-turning and surrounding vehicles. To address this issue， a deep-learning framework based on a temporal convolutional network (TCN) and multi-head attention mechanism is developed. The TCN is utilized to capture long-term dependencies of vehicles in the shared left- and U-turn lanes by extracting vehicle historical motion features. The self-attention mechanism extracts salient features related to the U-turn intentions， classifying the vehicles into left- and U-turning vehicles based on their driving intentions. A parallel TCN and spatial multi-head attention structure is constructed to model vehicle–vehicle interactions to further predict the future trajectory of U-turning vehicles. Finally， the obtained features are input into a Transformer-based decoder module and trajectory generator to predict the future displacement and body orientation of U-turning vehicles. The model is validated via comparison with state-of-the-art models and the observed trajectories under various scenarios. Ablation studies are conducted to quantify the efficacy of each module. Further， the effect of the surrounding homogenous and heterogeneous vehicles on U-turning vehicles in four different U-turn scenarios is quantified using spatial–temporal variation graphs and attention matrices.,Expert Systems with Applications,2024-09-01,,https://www.sciencedirect.com/science/article/pii/S0957417424005402,ScienceDirect,"['Deep learning', 'Driving intention', 'Multi-head attention mechanism', 'Trajectory prediction', 'Vehicle U-turning behavior']"
Methods of photovoltaic fault detection and classification: A review,HongYing-Yi,Photovoltaic (PV) fault detection and classification are essential in maintaining the reliability of the PV system (PVS). Various faults may occur in either DC or AC side of the PVS. The detection， classification， and localization of such faults are essential for mitigation， accident prevention， reduction of the loss of generated energy， and revenue. In recent years， the number of works of PV fault detection and classification has significantly increased. These works have been reviewed by considering the categorization of detection and classification techniques. This paper improves of the categorization of methods to study the faulty PVS by considering visual and thermal method and electrical based method. Moreover， an effort is made to list all potential faults in a PVS in both the DC and AC sides. Specific PV fault detection and classification techniques are also enumerated. A possible direction for research on the PV fault detection and classification， such as quantum machine learning， internet of things， and cloud/edge computing technologies， is suggested as a guide for future emerging technologies.,Energy Reports,2022-11-01,,https://www.sciencedirect.com/science/article/pii/S2352484722008022,ScienceDirect,"['Classification', 'Detection', 'Electrical based method', 'Fault', 'Photovoltaic system', 'Visual and thermal method']"
"Evaluating the Impacts of Different Exit Strategies of Emergency Vehicle Preemption on Arterial Signal Coordination: A Case Study in Reno, Nevada",XuJianyuan,"AbstractEmergency vehicle preemption (EVP)， a common traffic signal preemption in urban areas，
is used to prioritize the right-of-way to emergency vehicles at signalized intersections
by terminating active signal timing plans and running preemption plans. ...Practical ApplicationsTraffic signal preemption systems play an essential role in emergency response management
in terms of shortened response times， improved traffic safety， and potential cost
savings. As one of the common traffic signal preemptions in ...","Journal of Transportation Engineering, Part A: Systems",2023/11/01,EN,https://ascelibrary.org/doi/10.1061/JTEPBS.TEENG-7819,ASCE,[]
Merging process of U-turns at uncontrolled median openings under mixed traffic conditions,SilGourab,"At an uncontrolled median opening， the limited priority situation and the high degree of heterogeneity in traffic stream make the merging manoeuvre of U-turning vehicles very much complex. This study is an attempt to understand this merging manoeuvre. The different types of merging manoeuvres have been identified in the field and accordingly classified into different categories. Depending upon the number of vehicles that can merge all together into the opposing through traffic by accepting a single gap， the merging has been classified into two types: single entry merging and multiple entry merging. On the other hand， based on the situation of priority of movement， the merging process is divided into another two categories: ideal merging and forced merging. More explicitly， the ideal merging is split into free merging and Swift Merging (SM). In addition， the forced entry merging is categorized into Gradual Merging (GM) and Aggressive Merging (AM). Time distance diagrams for different types of merging are presented for their better understanding. Field data collected at seven median openings located on various 6-lane divided urban roads are used to analyse different types of merging in a mixed traffic situation. All vehicles plying on the road are divided into 5 categories such as car， motorized two-wheeler (2-W)， motorized three-wheeler (3-W)， Sports Utility Vehicle (SUV)， and Light Commercial Vehicle (LCV) and the merging behaviour of these categories of vehicles have been studied. The effect of influencing parameters like opposing traffic volume and delay on merging are investigated. Mathematical relations are developed between Merging Time (MT) of a vehicle type and the opposing traffic volume. To address the effect of Service Delay (SD) on the MT of a vehicle， models are proposed between SD and MT for all the five categories of vehicles. The two types of merging; gradual and swift are prominently observed in field. The time required by different categories of vehicles for these two merging at various traffic volume levels are determined. Finally， two-tailed t-test is conducted to see if the MT for the two different types of merging is statistically different.
First published online 26 October 2016
													Keyword : 
																											merging， 
																			median opening， 
																			mixed traffic， 
																			service delay， 
																			opposing traffic
																								
						
													
								How to Cite
								
									
										
  Sil， G.， Mohapatra， S. S.， Dey， P. P.， & Chandra， S. (2018). Merging process of U-turns at uncontrolled median openings under mixed traffic conditions. Transport， 33(2)， 370–379. https://doi.org/10.3846/16484142.2016.1247295

									
									
										
											More Citation Formats
											
										
										
																							
													
														ACM
													
												
																							
													
														ACS
													
												
																							
													
														APA
													
												
																							
													
														ABNT
													
												
																							
													
														Chicago
													
												
																							
													
														Harvard
													
												
																							
													
														IEEE
													
												
																							
													
														MLA
													
												
																							
													
														Turabian
													
												
																							
													
														Vancouver",Transport,2018-01-26,en,https://journals.vilniustech.lt/index.php/Transport/article/view/193,journals.vilniustech.lt,"['median opening', 'merging', 'mixed traffic', 'opposing traffic', 'service delay']"
Intelligent vehicle control at signal-free intersection under mixed connected environment,YangHao,<em>IET Intelligent Transport Systems</em> is an interdisciplinary journal publishing research on the practical applications of intelligent transport systems and infrastructure.,IET Intelligent Transport Systems,2020/02/01,en,https://ietresearch.onlinelibrary.wiley.com/doi/10.1049/iet-its.2019.0175,ietresearch.onlinelibrary.wiley.com,[]
Emergency vehicle route oriented signal coordinated control model with two-level programming,YaoJiao,To minimize travel time of emergency vehicles on the way and improve efficiency of emergency response， an emergency vehicle route oriented signal coordinated control model with two-level programming was proposed based on the different priority types and priority levels of emergency vehicles. The upper level is the dynamic offset model of emergency vehicles， and the lower level is the green wave model of emergency vehicles. At dynamic offset level， latter phase was calculated based on the queue length ahead of the emergency vehicles and their arrival time， in which the former phase was the reference object. At route green wave level， maximum bandwidth of the route of emergency vehicles was calculated， based on the turning movement characteristics and its corresponding capacity reduction. Furthermore， the two-level programming model solution is obtained with genetic algorithm. Finally， simulation results of three control strategies， which are no-signal priority control strategy， isolated control priority strategy and coordinated priority control strategy in this paper， were obtained in micro-traffic simulation software VISSIM， with the case including three intersections in Suzhou roads as the emergency vehicles route. From the simulation results we can conclude that compared to no-signal priority control strategy， coordinated priority strategy can reduce delay， travel time， queue length and stops of emergency vehicles by 27，18， 36 and 38%， respectively， and the average delay of total vehicles at intersection can be reduced by 20%; compared to isolated control priority strategy， these numbers are 14， 6， 12， 21 and 22%， respectively， which means great improvement， and influence on social background traffic was also considered in it.,Soft Computing,2018-07-01,en,https://doi.org/10.1007/s00500-017-2826-x,Springer Link,"['Artificial Intelligence', 'Coordinated control', 'Dynamic offset of phase', 'Emergency traffic', 'Genetic algorithm', 'Green wave', 'Route', 'Two-level programming']"
Distributed conflict-free cooperation for multiple connected vehicles at unsignalized intersections,XuBiao,Connected vehicles will change the modes of future transportation management and organization， especially at intersections. In this paper， we propose a distributed conflict-free cooperation method for multiple connected vehicles at unsignalized intersections. We firstly project the approaching vehicles from different traffic movements into a virtual lane and introduce a conflict-free geometry topology considering the conflict relationship of involved vehicles， thus constructing a virtual platoon. Then we present the modeling of communication topology to describe two modes of information transmission between vehicles. Finally， a distributed controller is designed to stabilize the virtual platoon for conflict-free cooperation at intersections. Numerical simulations validate the effectiveness of this method.,Transportation Research Part C: Emerging Technologies,2018-08-01,,https://www.sciencedirect.com/science/article/pii/S0968090X18308246,ScienceDirect,"['Connected and automated vehicle', 'Cooperative control', 'Unsignalized intersection', 'Virtual platoon']"
Decision making of autonomous vehicles in lane change scenarios: Deep reinforcement learning approaches with risk awareness,Unknown Author,Driving safety is the most important element that needs to be considered for autonomous vehicles (AVs). To ensure driving safety， we proposed a lane c…,Transportation Research Part C: Emerging Technologies,2022/01/01,en-US,https://www.sciencedirect.com/science/article/pii/S0968090X21004411,www.sciencedirect.com,[]
Development of a signal-head-free intersection control logic in a fully connected and autonomous vehicle environment,MirheliAmir,Establishment of effective cooperation between vehicles and transportation infrastructure improves travel reliability in urban transportation networks. Lack of collaboration， however， exacerbates congestion due mainly to frequent stops at signalized intersections. It is beneficial to develop a control logic that collects basic safety message from approaching connected and autonomous vehicles and guarantees efficient intersection operations with safe and incident free vehicle maneuvers. In this paper， a signal-head-free intersection control logic is formulated into a dynamic programming model that aims to maximize the intersection throughput. A stochastic look-ahead technique is proposed based on Monte Carlo tree search algorithm to determine the near-optimal actions (i.e.， acceleration rates) over time to prevent movement conflicts. Our numerical results confirm that the proposed technique can solve the problem efficiently and addresses the consequences of existing traffic signals. The proposed approach， while completely avoids incidents at intersections， significantly reduces travel time (ranging between 59.4% and 83.7% when compared to fixed-time and fully-actuated control strategies) at intersections under various demand patterns.,Transportation Research Part C: Emerging Technologies,2018-07-01,,https://www.sciencedirect.com/science/article/pii/S0968090X1830576X,ScienceDirect,"['Autonomous intersection control', 'Connected and autonomous vehicles', 'Control logic', 'Dynamic programming', 'Look-ahead model', 'Monte Carlo tree search']"
Decentralized optimal control of Connected Automated Vehicles at signal-free intersections including comfort-constrained turns and safety guarantees,ZhangYue,We extend earlier work for optimally controlling Connected Automated Vehicles (CAVs) crossing a signal-free intersection by including all possible turns taken so as to optimize a passenger comfort metric along with energy and travel time minimization. We show that it is possible to achieve this goal in a decentralized manner with each CAV solving an optimal control problem， and derive explicit solutions that guarantee collision avoidance and safe distance constraints within a control zone. We investigate the associated tradeoffs between minimizing energy and vehicle travel time， as well as the passenger comfort metric and include extensive simulations to illustrate this framework.,Automatica,2019-11-01,,https://www.sciencedirect.com/science/article/pii/S0005109819304248,ScienceDirect,[]
Controllability Analysis and Optimal Control of Mixed Traffic Flow With Human-Driven and Autonomous Vehicles,WangJiawei,Connected and automated vehicles (CAVs) have a great potential to improve traffic efficiency in mixed traffic systems， which has been demonstrated by multiple numerical simulations and field experiments. However， some fundamental properties of mixed traffic flow， including controllability and stabilizability， have not been well understood. This paper analyzes the controllability of mixed traffic systems and designs a system-level optimal control strategy. Using the Popov-Belevitch-Hautus (PBH) criterion， we prove for the first time that a ring-road mixed traffic system with one CAV and multiple heterogeneous human-driven vehicles is not completely controllable， but is stabilizable under a very mild condition. Then， we formulate the design of a system-level control strategy for the CAV as a structured optimal control problem， where the CAV’s communication ability is explicitly considered. Finally， we derive an upper bound for reachable traffic velocity via controlling the CAV. Extensive numerical experiments verify the effectiveness of our analytical results and the proposed control strategy. Our results validate the possibility of utilizing CAVs as mobile actuators to smooth traffic flow actively.,IEEE Transactions on Intelligent Transportation Systems,2021-12,,https://ieeexplore.ieee.org/abstract/document/9127876,IEEE Xplore,"['Autonomous vehicle', 'Autonomous vehicles', 'Controllability', 'Optimal control', 'Road traffic', 'Stability analysis', 'Vehicle dynamics', 'controllability and stabilizability', 'mixed traffic flow', 'structured optimal control']"
COOR-PLT: A hierarchical control model for coordinating adaptive platoons of connected and autonomous vehicles at signal-free intersections based on deep reinforcement learning,LiDuowei,Platooning and coordination are two implementation strategies that are frequently proposed for traffic control of connected and autonomous vehicles (CAVs) at signal-free intersections instead of using conventional traffic signals. However， few studies have attempted to integrate both strategies to better facilitate the CAV control at signal-free intersections. To this end， this study proposes a hierarchical control model， named COOR-PLT， to coordinate adaptive CAV platoons at a signal-free intersection based on deep reinforcement learning (DRL). COOR-PLT has a two-layer framework. The first layer uses a centralized control strategy to form adaptive platoons. The optimal size of each platoon is determined by considering multiple objectives (i.e.， efficiency， fairness and energy saving). The second layer employs a decentralized control strategy to coordinate multiple platoons passing through the intersection. Each platoon is labeled with coordinated status or independent status， upon which its passing priority is determined. As an efficient DRL algorithm， Deep Q-network (DQN) is adopted to determine platoon sizes and passing priorities respectively in the two layers. The model is validated and examined on the simulator Simulation of Urban Mobility (SUMO). The simulation results demonstrate that the model is able to: (1) achieve satisfactory convergence performances; (2) adaptively determine platoon size in response to varying traffic conditions; and (3) completely avoid deadlocks at the intersection. By comparison with other control methods， the model manifests its superiority of adopting adaptive platooning and DRL-based coordination strategies. Also， the model outperforms several state-of-the-art methods on reducing travel time and fuel consumption in different traffic conditions.,Transportation Research Part C: Emerging Technologies,2023-01-01,,https://www.sciencedirect.com/science/article/pii/S0968090X22003461,ScienceDirect,"['Adaptive platoon', 'Connected and autonomous vehicle (CAV)', 'Deep reinforcement learning', 'Hierarchical control', 'Multi-agent coordination', 'Signal-free intersection']"
Comparison of Cooperative Driving Strategies for CAVs at Signal-Free Intersections,XuHuile,The properties of cooperative driving strategies for planning and controlling Connected and Automated Vehicles (CAVs) at intersections range from some that achieve highly efficient coordination performance to others whose implementation is computationally fast. This paper comprehensively compares the performance of four representative strategies in terms of travel time， energy consumption， computation time， and fairness under different conditions， including the geometric configuration of intersections， asymmetry in traffic arrival rates， and the relative magnitude of these rates. Our simulation-based study has led to the following conclusions: 1) The Monte Carlo Tree Search (MCTS)-based strategy achieves the best traffic efficiency and has great performance in fuel consumption; 2) MCTS and Dynamic Resequencing (DR) strategies both perform well in all metrics of interest. If the computation budget is adequate， the MCTS strategy is recommended; otherwise， the DR strategy is preferable; 3) An asymmetric intersection has a noticeable impact on the strategies， whereas the influence of the arrival rates can be neglected. When the geometric shape is asymmetrical， the modified First-In-First-Out (FIFO) strategy significantly outperforms the FIFO strategy and works well when the traffic demand is moderate， but their performances are similar in other situations; and 4) Improving traffic efficiency sometimes comes at the cost of fairness， but the DR and MCTS strategies can be adjusted to realize a better trade-off between various performance metrics by appropriately designing their objective functions.,IEEE Transactions on Intelligent Transportation Systems,2022-07,,https://ieeexplore.ieee.org/abstract/document/9406435,IEEE Xplore,"['Automation', 'Connected and automated vehicles (CAVs)', 'Measurement', 'Optimal control', 'Real-time systems', 'Safety', 'Systems engineering and theory', 'Vehicle dynamics', 'cooperative driving strategy', 'crossing sequence']"
Adaptive Multi-Scale Fusion Blind Deblurred Generative Adversarial Network Method for Sharpening Image Data,ZhuBaoyu,Drone and aerial remote sensing images are widely used， but their imaging environment is complex and prone to image blurring. Existing CNN deblurring algorithms usually use multi-scale fusion to extract features in order to make full use of aerial remote sensing blurred image information， but images with different degrees of blurring use the same weights， leading to increasing errors in the feature fusion process layer by layer. Based on the physical properties of image blurring， this paper proposes an adaptive multi-scale fusion blind deblurred generative adversarial network (AMD-GAN)， which innovatively applies the degree of image blurring to guide the adjustment of the weights of multi-scale fusion， effectively suppressing the errors in the multi-scale fusion process and enhancing the interpretability of the feature layer. The research work in this paper reveals the necessity and effectiveness of a priori information on image blurring levels in image deblurring tasks. By studying and exploring the image blurring levels， the network model focuses more on the basic physical features of image blurring. Meanwhile， this paper proposes an image blurring degree description model， which can effectively represent the blurring degree of aerial remote sensing images. The comparison experiments show that the algorithm in this paper can effectively recover images with different degrees of blur， obtain high-quality images with clear texture details， outperform the comparison algorithm in both qualitative and quantitative evaluation， and can effectively improve the object detection performance of blurred aerial remote sensing images. Moreover， the average PSNR of this paper’s algorithm tested on the publicly available dataset RealBlur-R reached 41.02 dB， surpassing the latest SOTA algorithm.,Drones,2023/2,en,https://www.mdpi.com/2504-446X/7/2/96,www.mdpi.com,"['deep learning', 'drone and aerial remote sensing', 'generative adversarial networks', 'image blur level', 'image deblurring', 'multi-scale', 'object detection']"
A Survey on Emergency Vehicle Preemption Methods Based on Routing and Scheduling,KambleShridevi Jeevan,Emergency Vehicles (EVs) play a significant role in saving human lives and property damages. Reducing the time delay of emergency vehicles is important to enhance emergency service performance. The preemption methods are powerful strategies that assist emergency vehicles to reach the desired destination quickly by managing the competing normal traffic along the emergency vehicle approaching lane. The EV preemption models pre-clears the vehicles on the EV approaching lane by interrupting the signal timings and boosting EV arrival speed even the road traffic is high. With the assistance of preemption models， the EVs are not stopping or waiting at signalized intersections. Also， the preemption models diminish the vehicle conflict problems on the EV approaching lane. Moreover， the preemption models use different strategies to navigate the EVs on their routes efficiently. Hence， a detailed survey is needed to understand the different preemption strategies and analyze the gaps which are not effectively solved by existing literature. This paper attempts to survey the existing EV preemption methods with detailed discussions. For a clear view， the survey divides the existing preemption models into three types that are routing-based， scheduling-based， and miscellaneous. The survey compares the preemption methods with their advantages and limitations. Further， it analyzes the gaps which are not solved in existing solutions and describe the possible future directions that pave the way for innovating novel realistic preemption solutions.,International Journal of Computer Networks and Applications,2022-02-28,en,http://www.i-scholar.in/index.php/IJCNA/article/view/211623,DOI.org (Crossref),[]
A Survey of Monte Carlo Tree Search Methods,BrowneCameron B.,Monte Carlo tree search (MCTS) is a recently proposed search method that combines the precision of tree search with the generality of random sampling. It has received considerable interest due to its spectacular success in the difficult problem of computer Go， but has also proved beneficial in a range of other domains. This paper is a survey of the literature to date， intended to provide a snapshot of the state of the art after the first five years of MCTS research. We outline the core algorithm's derivation， impart some structure on the many variations and enhancements that have been proposed， and summarize the results from the key game and nongame domains to which MCTS methods have been applied. A number of open research questions indicate that the field is ripe for future work.,IEEE Transactions on Computational Intelligence and AI in Games,2012-03,,https://ieeexplore.ieee.org/abstract/document/6145622,IEEE Xplore,"['Artificial intelligence', 'Artificial intelligence (AI)', 'Computers', 'Decision theory', 'Game theory', 'Games', 'Markov processes', 'Monte Carlo methods', 'Monte Carlo tree search (MCTS)', 'bandit-based methods', 'computer Go', 'game search', 'upper confidence bounds (UCB)', 'upper confidence bounds for trees (UCT)']"
A lightweight network for photovoltaic cell defect detection in electroluminescence images based on neural architecture search and knowledge distillation,ZhangJinxia,Nowadays， the rapid development of photovoltaic(PV) power stations requires increasingly reliable maintenance and fault diagnosis of PV modules in the field. Due to the effectiveness， convolutional neural network (CNN) has been widely used in the existing automatic defect detection of PV cells. However， the parameters of these CNN-based models are very large， which require stringent hardware resources and it is difficult to be applied in actual industrial projects. To solve these problems， we propose a novel lightweight high-performance model for automatic defect detection of PV cells in electroluminescence(EL) images based on neural architecture search and knowledge distillation. To auto-design an effective lightweight model， we introduce neural architecture search to the field of PV cell defect classification for the first time. Since the defect can be any size， we design a proper search structure of network to better exploit the multi-scale characteristic. To improve the overall performance of the searched lightweight model， we further transfer the knowledge learned by the existing pre-trained large-scale model based on knowledge distillation. Different kinds of knowledge are exploited and transferred， including attention information， feature information， logit information and task-oriented information. Experiments have demonstrated that the proposed model achieves the state-of-the-art performance on the public PV cell dataset of EL images under online data augmentation with accuracy of 91.74% and the parameters of 1.85M. The proposed lightweight high-performance model can be easily deployed to the end devices of the actual industrial projects and retain the accuracy.,Applied Energy,2024-02-01,,https://www.sciencedirect.com/science/article/pii/S0306261923015489,ScienceDirect,"['Deep learning', 'Defect detection', 'Electroluminescence', 'Knowledge distillation', 'Neural architecture search', 'Photovoltaic cells']"
A novel intelligent traffic recovery model for emergency vehicles based on context-aware reinforcement learning,KianiFarzad,Management of traffic emergencies has become very popular in recent years. However， timely response to emergencies and recovering from an emergency is an important problem in itself. The strategies in the current studies merely suggest that after an emergency vehicle passes， the state should iterate to the next phase. Therefore， this paper proposes a novel approach for recovering from an emergency situation at an intersection based on real scenarios. The proposed method is a combination of context-aware and Reinforcement Learning (RL) models that predicts better alternatives for different states rather than just iterating to the next phase. In this regard， a new algorithm， named Interrupt Algorithm， is proposed to predict proper actions for recovering the emergency situation. This algorithm uses a Q-learning-based model that learns from traffic context for an emergency situation and chooses viable action from an action set. The recovery actions are categorized as max， min， and avg， respectively. Test results show that our proposed model outperforms traffic flow over than standard single choice recovering action-based approach by approximately 80%. Based on this， it may be more beneficial to choose different actions and therefore， proposed algorithm with the help of RL presents a more dynamic emergency recovery model.,Information Sciences,2023-01-01,,https://www.sciencedirect.com/science/article/pii/S0020025522013469,ScienceDirect,"['Emergency situation', 'Intelligent traffic management', 'Q-learning', 'Reinforcement learning', 'Traffic recovery']"
A multiagent approach to autonomous intersection management,DresnerKurt,Artificial intelligence research is ushering in a new era of sophisticated， mass-market transportation technology. While computers can already fly a passenger jet better than a trained human pilot， people are still faced with the dangerous yet tedious task of driving automobiles. Intelligent Transportation Systems (ITS) is the field that focuses on integrating information technology with vehicles and transportation infrastructure to make transportation safer， cheaper， and more efficient. Recent advances in ITS point to a future in which vehicles themselves handle the vast majority of the driving task. Once autonomous vehicles become popular， autonomous interactions amongst multiple vehicles will be possible. Current methods of vehicle coordination， which are all designed to work with human drivers， will be outdated. The bottleneck for roadway efficiency will no longer be the drivers， but rather the mechanism by which those drivers' actions are coordinated. While open-road driving is a well-studied and more-or-less-solved problem， urban traffic scenarios， especially intersections， are much more challenging.We believe current methods for controlling traffic， specifically at intersections， will not be able to take advantage of the increased sensitivity and precision of autonomous vehicles as compared to human drivers. In this article， we suggest an alternative mechanism for coordinating the movement of autonomous vehicles through intersections. Drivers and intersections in this mechanism are treated as autonomous agents in a multiagent system. In this multiagent system， intersections use a new reservation-based approach built around a detailed communication protocol， which we also present. We demonstrate in simulation that our new mechanism has the potential to significantly outperform current intersection control technology--traffic lights and stop signs. Because our mechanism can emulate a traffic light or stop sign， it subsumes the most popular current methods of intersection control. This article also presents two extensions to the mechanism. The first extension allows the system to control human-driven vehicles in addition to autonomous vehicles. The second gives priority to emergency vehicles without significant cost to civilian vehicles. The mechanism， including both extensions， is implemented and tested in simulation， and we present experimental results that strongly attest to the efficacy of this approach.,J. Artif. Int. Res.,"三月 1, 2008",,,ACM Digital Library,[]
A Feasibility Analysis at Signal-Free Intersections,TzortzoglouFilippos N.,In this letter， we address the problem of improving the feasible domain of the solution of a decentralized control framework for coordinating connected and automated vehicles (CAVs) at signal-free intersections. The framework provides the optimal trajectories of CAVs to cross the intersection safely without stop-and-go driving. However， when traffic volume exceeds a certain level， finding a feasible solution for a CAV may become unattainable. We use concepts of numerical interpolation to identify appropriate polynomials that can serve as alternative trajectories of the CAVs， expanding the domain of the feasible CAV trajectories. We select the alternative polynomials through an optimization problem that aims at minimizing jerk. Finally， we demonstrate the efficacy of our approach through numerical simulations.,IEEE Control Systems Letters,2024,,https://ieeexplore.ieee.org/abstract/document/10551377,IEEE Xplore,"['Boundary conditions', 'Connected automated vehicles', 'Cruise control', 'Interpolation', 'Optimization', 'Polynomials', 'Safety', 'Traffic flow', 'Trajectory']"
A Conflict Duration Graph-Based Coordination Method for Connected and Automated Vehicles at Signal-Free Intersections,DengZhiyun,Previous studies on Connected and Automated Vehicles (CAVs) demonstrated the potential to coordinate the behaviors of multiple connected vehicles for traffic improvements. In this paper， we first propose a Conflict Duration Graph-based (CDG-based) coordination framework to resolve collisions and improve the traffic capacity of signal-free intersections. Secondly， a Speed Control-based Intersection Coordination Model (SICM) is developed to identify complex constraints in multi-vehicle collision scenarios. Thirdly， a geometric Translation-based Intersection Coordination Algorithm (TICA) is proposed to calculate the ideal location of time blocks in CDGs and then obtain the near-optimal design speed in the form of combinatorial optimization. Twelve groups of test scenarios with different traffic volumes were designed and tested on a MATLAB-based simulation platform. Simulation results showed that the proposed method can resolve all the collisions and instruct the vehicles to pass signal-free intersections collaboratively without stopping in low to medium level of congestion.,Applied Sciences,2020/1,en,https://www.mdpi.com/2076-3417/10/18/6223,www.mdpi.com,"['connected and automated vehicles', 'multi-vehicle collision resolution', 'signal-free intersection', 'traffic coordination method']"
A deep learning framework for modelling left-turning vehicle behaviour considering diagonal-crossing motorcycle conflicts at mixed-flow intersections,YaoRuoyu,With heterogeneous traffic agents moving at unprotected phase， severe crossing conflicts are witnessed at mixed-flow intersections， especially when left-turning vehicles are confronted with motorcycles. However， for modelling vehicle turning behaviour， potential conflicts involving diagonal-crossing motorcycles are seldom investigated in existing studies. To explore these scenes， we present a novel interaction-aware deep-learning framework. Firstly， a Long Short-Term Memory (LSTM) based network is employed to encode vehicle historical motion features. Secondly， each vehicle’s potential target lanes are identified with a probabilistic method， followed by a pooling module that extracts and summarizes intention features. Thirdly， Graph Attention Network (GAT) and a synthesized network are introduced to model vehicle-vehicle interaction and vehicle-motorcycle interaction respectively. Finally， multiple kinds of obtained features are sent to a LSTM based decoder module， where both future displacement and body orientation of vehicles are predicted. In short-time simulation experiments， average displacement error is reduced by 47.7% and 20.0% compared to baseline and state-of-the-art methods， with ablation studies conducted to quantify the efficacy of each kind of feature. Moreover， regarding recursive simulation， our model shows availability of reproducing lane-selecting and motorcycle-evasive behaviours. Distributions of post-encroachment time further indicate that the proposed framework can serve as a promising method to realize reliable motion planning for autonomous vehicles.,Transportation Research Part C: Emerging Technologies,2021-11-01,,https://www.sciencedirect.com/science/article/pii/S0968090X21004095,ScienceDirect,"['Deep learning', 'Mixed-flow intersection', 'Trajectory prediction', 'Vehicle behaviour modelling']"
A decentralized energy-optimal control framework for connected automated vehicles at signal-free intersections,MalikopoulosAndreas A.,We address the problem of optimally controlling connected and automated vehicles (CAVs) crossing an urban intersection without any explicit traffic signaling， so as to minimize energy consumption subject to a throughput maximization requirement. We show that the solution of the throughput maximization problem depends only on the hard safety constraints imposed on CAVs and its structure enables a decentralized optimal control problem formulation for energy minimization. We present a complete analytical solution of these decentralized problems and derive conditions under which feasible solutions satisfying all safety constraints always exist. The effectiveness of the proposed solution is illustrated through simulation which shows substantial dual benefits of the proposed decentralized framework by allowing CAVs to conserve momentum and fuel while also improving travel time.,Automatica,2018-07-01,,https://www.sciencedirect.com/science/article/pii/S0005109818301511,ScienceDirect,"['Autonomous intersections', 'Connected and automated vehicles', 'Decentralized optimal control', 'Energy usage', 'Motion planning', 'Safety', 'Traffic flow']"
A consensus-based distributed trajectory control in a signal-free intersection,MirheliAmir,This paper develops a distributed cooperative control logic to determine conflict-free trajectories for connected and automated vehicles (CAVs) in signal-free intersections. The cooperative trajectory planning problem is formulated as vehicle-level mixed-integer non-linear programs (MINLPs) that aim to minimize travel time of each vehicle and their speed variations， while avoiding near-crash conditions. To push vehicle-level solutions towards global optimality， we develop a coordination scheme between CAVs on conflicting movements. The coordination scheme shares vehicle states (i.e.， location) over a prediction horizon and incorporates such information in CAVs’ respective MINLPs. Therefore， the CAVs will reach consensus through an iterative process and select conflict-free trajectories that minimize their travel time. The numerical experiments quantify the effects of the proposed methodology on traffic safety and performance measures in an intersection. The results show that the proposed distributed coordinated framework converges to near-optimal CAV trajectories with no conflicts in the intersection neighborhood. While the solutions are found in real-time， the comparison to a central intersection control logic for CAVs indicates a maximum marginal objective value of 2.30%. Furthermore， the maximum marginal travel time， throughput， and average speed do not exceed 0.5%， 0.1%， and 0.5%， respectively. The proposed control logic reduced travel time by 43.0–70.5%， and increased throughput and average speed respectively by 0.8–115.6% and 59.1–400.0% compared to an optimized actuated signal control， while eliminating all near-crash conditions.,Transportation Research Part C: Emerging Technologies,2019-03-01,,https://www.sciencedirect.com/science/article/pii/S0968090X18311343,ScienceDirect,"['Connected and autonomous vehicles', 'Control logic', 'Cooperative', 'Coordination', 'Distributed algorithm', 'Signal-free']"
自动驾驶环境下交叉口车辆路径规划与最优控制模型,WuWei,自动驾驶环境下的交叉口基于车车/车路之间的双向信息交互， 能保障自动驾驶车辆相互穿插与协作地通过交叉 口， 而无需信号灯控制. 因此， 如何设计高效的面向自动驾驶车辆通行的交叉口管控模型， 已成为研究的热点. 已有研究在 建模时， 均基于自动驾驶车辆在交叉口内部的行驶路径已知并作为模型输入， 且大多对交叉口内部的冲突点进行简化. 本文 首先将交叉口空间离散化处理， 考虑车辆的实际尺寸并面向非常规交叉口， 使用椭圆曲线建立转弯车辆行驶路径的精确轨 迹方程， 再通过外边界投影降维法建立轨迹方程和交叉口空间的映射关系. 建立了基于混合整数线性规划(Mixed integer linear programming， MILP)的自动驾驶交叉口管控模型， 以交叉口总延误最小为控制目标， 同时优化车辆在交叉口的最 佳行驶路径和驶入时刻， 使用AMPL (A mathematical programming language)对模型进行编译并使用CPLEX求解器求 解. 与经典感应控制和先到先服务模型进行对比， 结果表明， 本文所提出模型能对车辆进入交叉口的时刻和行驶路径进行双 重优化， 显著降低自动驾驶车辆通过交叉口的车均延误， 提高交叉口空间的利用效率.,,2020-9,,,,[]
学业预警知识图谱的构建与应用,闫瑾,针对学业预警体系中“事前事中预防”措施不足、过程化与可视化较低的问题，进行了学业预警知识图谱的构建与应用。首先，通过protégé完成模式层的构建，对知识的数据结构(包含实体、关系、属性)进行了设计，采用了树状结构，使每个子类继承其祖先节点的属性；其次，以事实三元组为单位，存储具体的信息；然后，通过关系型数据库实现数据与本体的映射，对关系型数据库的结构化数据进行知识抽取，通过D2RQ工具将结构化数据转化为三元组数据，存储在SQL中；最后，使用Neo4j图数据库可视化展示，完成学业预警知识图谱的构建。公开数据集实验测试结果表明，所构建的学业预警知识图谱能够对学生学业进行预警，对实体及属性进行校验标注，经过采样标注后得到准确率为94.23%，且时效性良好，系统平均在9 ms后开始传输，并在25 ms后完成，同时在过程化与可视化方面有较大提升，可以实现“事前事中预防”。,中北大学学报(自然科学版),2023,中文;,https://kns.cnki.net/kcms2/article/abstract?v=3uoqIhG8C44YLTlOAiTRKu87-SJxoEJu6LL9TJzd50kyKUrPKilczQCToTb0b8hR90UZ_coCnRG5-mFTh0KJYq5nsDzG2GIu&uniplatform=NZKPT,CNKI,"['Neo4j', 'Neo4j cademic early warning', 'data layer', 'knowledge graph', 'model layer', '学业预警', '数据层', '模式层', '知识图谱']"
《人工智能应用导论》知识图谱构建与应用研究,张军,随着人工智能技术引发新一轮科技革命和社会进步，高职《人工智能应用导论》课程在众多院校相继开设，对其开展知识图谱的构建应用研究逐渐兴起，然而知识图谱的构建需要领域专家共同探讨、手工构建，十分严谨而繁琐，人工智能知识更新又较为快速，目前高职《人工智能应用导论》知识图谱的构建较为缺乏。本文借助机器学习和自然语言处理技术分别对《人工智能应用导论》课程文本资源进行实体识别和关系抽取，接着进行知识融合，最后基于Neo4j图数据库可视化展示并进行知识点推理。实验结果表明：构造后的课程知识图谱涵盖了《人工智能应用导论》课程所有知识点及其关系属性，助力开展知识点学习推理和学习路径推荐研究。,网络安全技术与应用,2023,中文;,https://kns.cnki.net/kcms2/article/abstract?v=3uoqIhG8C44YLTlOAiTRKu87-SJxoEJu6LL9TJzd50ntGgPOL7QfrrIhj5ge6CBH4g2IsyPB8asXh8xKI3kodiPsmDcTH8Zw&uniplatform=NZKPT,CNKI,"['人工智能应用导论课程', '应用研究', '推理实验', '知识图谱']"
时态知识图谱的推理研究综述,沈英汉,随着社交网络、物端感知等技术快速发展，网络空间中涌现了大量的交互、话题、事件、新闻等数据，蕴含大量动态演化、强时效性的知识.较于忽略知识中时间信息的传统知识图谱，时态知识图谱通过建模知识的时效性以描述动态变化的现实世界，为时间紧耦合的应用提供有效支持.然而，时态知识图谱无法确保涵盖全量知识，知识的缺失严重影响应用性能，需要推理模型自动挖掘新的知识，以解释事物的历史状态，预测未来发展趋势并描述演化规律.由于实际应用的迫切需要，近年来，时态知识图谱的推理研究工作层出不穷，逐渐引起学术界和工业界的广泛关注.本文对近年来时态知识图谱的推理工作进行全面介绍和总结.首先，介绍了时态知识图谱的推理相关概念与问题描述;其次，介绍了面向补全任务的推理模型与面向预测任务的推理模型，对其进行比较分析;之后总结了时态知识图谱推理的数据集、推理任务、相关指标以及应用场景;最后展望时态知识图谱推理的未来研究趋势.综上，本文致力于为时态知识图谱的推理领域研究人员提供具有价值的参考，以推动该领域进一步发展.,计算机学报,2023,中文;,https://kns.cnki.net/kcms2/article/abstract?v=3uoqIhG8C44YLTlOAiTRKu87-SJxoEJu6LL9TJzd50n2_FC1ezrNgNLgIgJzEpc4dzL6iDCe0g5IUw98rlIO1hnPzttTlaiP&uniplatform=NZKPT,CNKI,"['knowledge completion', 'knowledge graph', 'knowledge prediction', 'temporal knowledge reasoning', '时态知识图谱', '时态知识推理', '知识图谱 temporal knowledge graph', '知识补全', '知识预测']"
基于车路协同的城市应急车辆优先控制：概述与展望,张立立王力,面向我国城市常态应急车辆优先通行需求和车路协同智能交通发展的实际情况，总结了应急车辆优先控制发展历程和研究现状，分析并讨论了存在的问题和未来的研究重点。首先，回顾了我国常态应急车辆优先的发展情况；其次，概述了车路协同应急车辆优先控制、结合优先与路径规划的应急车辆优先控制的国内外研究现状；最后，针对当前研究存在的问题进行了讨论并立足车路协同、自动驾驶等新理论与技术的演进总结了常态应急车辆优先领域的研究重点和应着力解决的关键问题。,科学技术与工程,2021-12-16,cn,http://www.stae.com.cn//jsygc/article/abstract/2101973,www.stae.com.cn,[]
基于知识图谱理念的生物医学电子学在线课程建设初步探索,涂华婷,为满足疫情期间在线教育需求，基于知识图谱理念，从知识、问题、能力3个维度完善课程知识网络结构，初步探索生物医学电子学在线课程建设新模式，旨在重构教学资源、完善人才培养方案，实现开放、个性、精准的智慧教育体系创新。,卫生职业教育,2023,中文;,https://kns.cnki.net/kcms2/article/abstract?v=3uoqIhG8C44YLTlOAiTRKu87-SJxoEJu6LL9TJzd50loVFp_9WcsUA-WIO5VPFBwqL4Z0qvbQZmVs1z40ce6xS5VghuFE8SX&uniplatform=NZKPT,CNKI,"['Biomedical electronics', 'Online course', '在线课程 Knowledge graph', '生物医学电子学', '知识图谱']"
基于博弈论的无信号交叉口冲突消解方法,Unknown Author,,重庆理工大学学报（自然科学）,2021-11-09,cn,http://clgzk.qks.cqut.edu.cn/CN/abstract/abstract5742.shtml,clgzk.qks.cqut.edu.cn,[]
地理知识图谱下的建筑群空间分布模式推理,唐曾杨,以图结构表达的知识图谱不仅在语义网络的描述与推理中发挥着重要作用，对于空间实体的结构化抽象与空间推理也具有重要意义。空间实体的联系信息在知识图谱中以图的边记录，通过路径探测、子图对齐、模式发现等基于边的知识图谱计算推理，在空间场景认知可发挥重要作用。地理知识图谱是一种对地理概念、实体及其相互关系进行形式化描述的知识系统，既有通用知识的内涵与特点，也有地理知识特定的时空特征，能够将语义模型和时空模型联系起来，描述语义关系、空间关系和时间关系，在地理知识的表达、理解、获取与推理方面有巨大的应用潜力。现有地理知识图谱的研究工作多集中于语义方面，语义关系的抽取与表达比较丰富，可以支持进一步的地理知识语义搜索等功能；然而地理知识图谱在时空模型上的知识表达比较缺乏，现有的空间关系局限在要素之间，很少涉及空间认知中进一步的分布态势、空间格局等，地理知识图谱在空间语义知识方面有待增强。本文基于知识图谱构建原理，以建筑群地理知识图谱构建为例，实现格网型建筑物模式的识别。先将建筑物抽象成实体，表达为图的节点，基于几何邻近分析提取建筑物之间的空间邻域关系，以此构建建筑群地理知识图谱；在此基础上结合建筑物模式识别的领域知识，进一步推理构建其他的空间语义关系，完善地理知识图谱；再将建筑群场景的格网模式表达为知识图谱的规则，在知识图谱上基于NoSQL语言进行推理。结果表明，本文方法能有效提取建筑物格网模式，验证了地理知识图谱在空间推理上的作用和在领域问题研究中的良好适应性，为地理知识图谱在空间认知领域的应用提供了思路。,地球信息科学学报,2023,中文;,https://kns.cnki.net/kcms2/article/abstract?v=3uoqIhG8C44YLTlOAiTRKu87-SJxoEJu6LL9TJzd50lqbdNo8z0wC2CMNOSuvHmHLVNnW2rbj7WrmcNNMwN0lMx5P0x-rTEa&uniplatform=NZKPT,CNKI,"['building cluster pattern recognition', 'geographic entity', 'geographic knowledge', 'grid-pattern', 'spatial cognition', 'spatial reasoning', 'spatial relationship', '地理实体', '地理知识', '建筑群模式识别', '格网模式', '知识图谱', '空间关系', '空间推理', '空间认知 knowledge graph']"
车联网环境下基于间隙优化的无信号交叉口车速控制方法,常玉林１２,,重庆理工大学学报（自然科学）,2021-04-07,cn,http://clgzk.qks.cqut.edu.cn/CN/abstract/abstract5478.shtml,clgzk.qks.cqut.edu.cn,[]
车路协同环境下路段掉头区域车辆协同控制,吴文静,在车辆驾驶安全的前提下，以车速最大为目标研究了车路协同系统(CVIS)环境下掉头区域车辆的协同控制优化方法。分别设置单车连续掉头及车队掉头两种场景进行控制策略的仿真试验。结果表明，本文方法可实现掉头区域车辆的协同控制。最后，以总延误时间、驾驶舒适性为指标评估控制效率，并得到两种控制策略相适用的车头间距的阈值。,吉林大学学报(工学版),2019,zh-CN,https://chn.oversea.cnki.net/KCMS/detail/detail.aspx?dbcode=CJFD&dbname=CJFDLAST2019&filename=JLGY201904010&uniplatform=OVERSEA&v=Rqj5CTy_0_P9bEcOIEZeD28QjPsgNNgfmYsLUA32D4-pvDqu8Ihih0ZRsrFT_Lbd,CNKI,"['交通运输系统工程', '协同控制', '路段掉头', '车队控制']"
车路协同下车队避让紧急车辆的换道引导方法,焦朋朋,为保证紧急车辆更安全、高效地到达紧急事故现场，基于车路协同系统，提出车队避让紧急车辆的换道引导策略。针对目标车道无车辆、有车辆和有车队3种不同场景，分别提出确保紧急车辆快速通过的协同换道策略。通过协同换道策略引导紧急车辆前方行驶的车队和目标车道的车辆改变速度以调整车辆间距，使其满足换道安全距离，依据换道轨迹规划使车队完成换道，并提出紧急车辆发送紧急避让信号的位置方法，计算当不影响紧急车辆的速度情况下，其发送紧急避让信号时与车队尾车的最短距离。利用SUMO交通仿真软件，实现车路协同环境下3种不同场景车队避让紧急车辆的换道引导，并比较目标车道为车队的场景下，车队换道至目标车队的每个空档中(方式A)和车队换道至目标车队的同一个空档中(方式B)2种不同的换道引导策略。研究结果表明:目标车道有车队的场景下，方式B的协同换道时间更短，发送紧急信号的位置距车队尾车82 m，较方式A的87 m更近，对周围车辆影响更小，因此此场景采用方式B的协同换道策略;在目标车道无车辆、有车辆和有车队3种场景下，紧急车辆分别距车队尾车71，71，82 m时发送紧急避让信号，其可以维持期望速度，验证了最短距离与车辆速度的关系式;与未使用换道引导策略的情况相比，紧急车辆的速度提高，延误减少。,中国公路学报,2021,zh-CN,https://kns.cnki.net/kcms2/article/abstract?v=Xlf5kQqXAOlKYazyf-ljzuHvhrTeVEbNl3DDX63-odz7HDdASJVAzcJwZJzvVUrEbgD6GyZfk9cS9ZzyxciZ46DMfT_AYFYK8jEUH9NlxflRam0Y7FqsY2p0QywF8Fczsa-06hHpxjDFjdjWaOxBW2ubTwM6KV6y&uniplatform=NZKPT&language=CHS,CNKI,"['交通工程', '协同换道', '换道引导策略', '紧急避让', '车路协同', '车队编组']"
车路协同下避让紧急车辆协同换道策略,郝威,为加快紧急车辆抵达事故现场的速度，同时减少紧急车辆优先权对其他车辆的影响，运用车路协同系统，提出避让紧急车辆协同换道策略，通过调整紧急车辆下游车辆位置，实现紧急车辆高效通过路段。以紧急车辆前车（DV）及其相邻目标车道车辆为控制对象，根据相邻车道车辆间距与车车通信范围，搜索DV可换道空间间隙集。以交通流整体恢复稳定时间最小为目标，确定DV换道轨迹和相邻车道协作车辆的速度变化，引导车辆完成协同合流，既能保障车辆安全换道，还能降低换道造成的速度振荡传递。同时，为快速恢复DV换道造成的目标车道车辆速度波动，对上游车辆（UV）采取先进先出规则的换道控制策略。所提协同避让紧急车辆的策略考虑了车辆协同换道对交通流的整体影响，并在原有换道策略的基础上提出了减少速度波动传递的控制方法。案例分析结果表明：采用上下游协同换道策略最短换道时间为6s，此时紧急车辆距前车78.66 m时发送避让信号。同时研究发现，恢复交通流速度稳定所需的时间为29 s，比未采用上下游协同换道策略降低了34%。,交通信息与安全,2022,zh-CN,https://kns.cnki.net/kcms2/article/abstract?v=Xlf5kQqXAOnSvBuBHPaFIxyTinGrDINee5jkjVqvswSTlFcQsqwzOr0FFp9R8WmpH5l55BQ3Asxnuh6zFhhtBtXIZexTcE8t-TxouPdY6k2Vkk5NOC6HVs6XZrvx7C32GIX7M055z-wcXkX91S6Tv1MhuM3MkEXR&uniplatform=NZKPT&language=CHS,CNKI,"['交通工程', '协同换道策略', '紧急避让', '车路协同']"
高校IT运维知识图谱构建及应用,李建青,针对高校IT运维中出现的效率低下和服务不佳问题，文章研究设计了基于知识图谱的IT运维总体架构。通过分析运维对象、运维服务流程、运维数据、采集分析处理、运维管理等模块，构建了IT运维问答知识图谱，实现了运维场景和孤立知识点的业务应用关联，基于Neo4j和Python技术开发了IT运维问答系统，解决了运维效率低下和服务质量不佳的问题。,现代信息科技,2023,中文;,https://kns.cnki.net/kcms2/article/abstract?v=3uoqIhG8C44YLTlOAiTRKu87-SJxoEJu6LL9TJzd50l8yRr-dwAdi5vhgvFP3RlDDHgKkYlPZYTXibJWzFBHw1euGu1vuenZ&uniplatform=NZKPT,CNKI,"['IT operation and maintenance', 'IT运维', 'Q&A system', '知识图谱', '问答系统 knowledge graph']"
自动车环境下交叉口无信号混合控制策略研究,Unknown Author,针对交叉口拥挤且主路和支路流量有较大差异的自动车场景下，基于预约的先到先得（First Come First Serve， FCFS）控制策略效率低于信号配时策略的悖论，提出了一种结合FCFS和车队控制的交叉口无信号混合控制策略.在保证安全性的前提下，以延误最低为目标，优化车辆的通行顺序.引入启发式冲突协调算法和取消预约机制，根据车辆所在车道的车流量区分车辆的优先级，车辆根据实时车流量状况自适应地组成车队通过交叉口，从而减少FCFS策略产生的频繁通行权交换，保证车流量大方向车辆通行的连续性.仿真结果表明：在悖论场景下，混合控制策略较FCFS策略能减少55.84%的总延误.当交叉口总体车流量较大且主路与支路车流量差异较明显时，混合控制策略较FCFS策略在减少延误、提高交叉口通行能力方面的优势更明显.,北京交通大学学报,2022/12/15,zh,https://jdxb.bjtu.edu.cn/CN/10.11860/j.issn.1673-0291.20210119,jdxb.bjtu.edu.cn,[]
A Hierarchical Robust Control Strategy for Decentralized Signal-Free Intersection Management,PanXiao,The development of connected and automated vehicles (CAVs) is the key to improving urban mobility safety and efficiency. This article focuses on cooperative vehicle management at a signal-free intersection with consideration of vehicle modeling uncertainties and sensor measurement disturbances. The problem is approached by a hierarchical robust control strategy in a decentralized traffic coordination framework where optimal control and tube-based robust model predictive control methods are designed to hierarchically solve the optimal crossing order and the velocity trajectories of a group of CAVs in terms of energy consumption and throughput. To capture the energy consumption of each vehicle， their powertrain system is modeled in line with an electric drive system. With a suitable relaxation and spatial modeling approach， the optimization problems in the proposed strategy can be formulated as convex second-order cone programs， which provide a unique and computationally efficient solution. A rigorous proof of the equivalence between the convexified and the original problems is also provided. Simulation results illustrate the effectiveness and robustness of the proposed strategy and reveal the impact of traffic density on the control solution. The study of the Pareto optimal solutions for the energy–time objective shows that a minor reduction in journey time can considerably reduce energy consumption， which emphasizes the necessity of optimizing their tradeoff. Finally， the numerical comparisons carried out for different prediction horizons and sampling intervals provide insight into the control design.,IEEE Transactions on Control Systems Technology,2023-09,,https://ieeexplore.ieee.org/abstract/document/10186085,IEEE Xplore,"['Computational modeling', 'Connected and automated vehicles (CAVs)', 'Energy consumption', 'Mechanical power transmission', 'Optimization', 'Predictive models', 'Robust control', 'Uncertainty', 'convex formulation', 'cooperative vehicle management', 'optimization', 'tube-based robust model predictive control (MPC)']"
《山海经》知识图谱构建与应用研究,朱良兵,[目的/意义]知识图谱作为数智时代一种先进的知识组织方式，能够为数字人文研究提供良好的技术支持，去洞察那些以往在文本资源中看不见的隐含联系和知识结构。[方法/过程]《山海经》是中国上古三大奇书，具有非常高的研究价值。本文引入主题图和Neo4j等技术和工具，在分析《山海经》中的主题类型、关联关系、属性信息的基础上，提出了构建《山海经》知识图谱的技术架构、数据模型、实施步骤。[结果/结论]将多源异构数据进行集成，完成了《山海经》知识图谱的构建和展示，对于将知识图谱技术应用于数字人文研究领域做了有益的探索。,情报探索,2023,中文;,https://kns.cnki.net/kcms2/article/abstract?v=3uoqIhG8C44YLTlOAiTRKu87-SJxoEJu6LL9TJzd50niO_CdaBNPNX-0uaDVZU7N5AAnulcHnorXGWxEt2gB0eRbKuKlYbR5&uniplatform=NZKPT,CNKI,"['association', 'digital humantiy', 'knowledge graph', 'semantic', 'topic map', '主题图', '关联', '山海经', '数字人文', '知识图谱', '语义 The Classic of Mountains and Seas']"
基于知识图谱的海洋数值预报数据推荐算法,李忠伟,为解决海洋数值预报研究人员面对复杂多样的研究任务时难以及时准确地从种类繁多的海洋数值预报数据中找到所需数据的问题，提出基于知识图谱的海洋数值预报数据推荐算法。利用海洋数值预报文献提取研究任务及海洋数值预报数据构建知识图谱，基于知识图谱计算海洋数值预报数据实体之间的相似度，同时融合在研究人员用户行为下海洋数值预报数据的相似度，进行排序选取相似度较高的海洋数值预报数据进行推荐。实验结果表明，推荐精确率及召回率分别为67.14%、62.49%。,计算机工程与设计,2023,中文;,https://kns.cnki.net/kcms2/article/abstract?v=3uoqIhG8C44YLTlOAiTRKu87-SJxoEJu6LL9TJzd50nW0ftToGaH65dirvJKW0nseKn702sm2gcw_U7v3Bi-WOR-4T8vghXQ&uniplatform=NZKPT,CNKI,"['data recommendation', 'knowledge graph', 'marine numerical forecasting literature', 'research task', 'similarity', 'user behavior', '数据推荐 marine numerical forecast', '海洋数值预报', '海洋数值预报文献', '用户行为', '相似度', '知识图谱', '研究任务']"
Coordinated lane-changing scheduling of multilane CAV platoons in heterogeneous scenarios,Unknown Author,With the development of sensing， communication and automated driving technology， connected and automated vehicles (CAVs) are becoming promising soluti…,Transportation Research Part C: Emerging Technologies,2023/02/01,en-US,https://www.sciencedirect.com/science/article/pii/S0968090X22004053,www.sciencedirect.com,[]
Intelligent PV Module for Grid-Connected PV Systems,RomanE.,Most issues carried out about building integrated photovoltaic (PV) system performance show average losses of about 20%-25% in electricity production. The causes are varied， e.g.， mismatching losses， partial shadows， variations in current-voltage (I-V) characteristics of PV modules due to manufacturing processes， differences in the orientations and inclinations of solar surfaces， and temperature effects. These losses can be decreased by means of suitable electronics. This paper presents the intelligent PV module concept， a low-cost high-efficiency dc-dc converter with maximum power point tracking (MPPT) functions， control， and power line communications (PLC). In addition， this paper analyses the alternatives for the architecture of grid-connected PV systems: centralized， string， and modular topologies. The proposed system， i.e.， the intelligent PV module， fits within this last group. Its principles of operation， as well as the topology of boost dc-dc converter， are analyzed. Besides， a comparison of MPPT methods is performed， which shows the best results for the incremental conductance method. Regarding communications， PLC in every PV module and its feasibility for grid-connected PV plants are considered and analyzed in this paper. After developing an intelligent PV module (with dc-dc converter) prototype， its optimal performance has been experimentally confirmed by means of the PV system test platform. This paper describes this powerful tool especially designed to evaluate all kinds of PV systems,IEEE Transactions on Industrial Electronics,2006-06,,https://ieeexplore.ieee.org/abstract/document/1667904,IEEE Xplore,"['Building integrated photovoltaics', 'Circuit topology', 'Communication system control', 'Communication system fault diagnosis', 'DC-DC power converters', 'Manufacturing processes', 'Power line communications', 'Production systems', 'Programmable control', 'System performance', 'Temperature', 'dc–dc power conversion', 'frequency-shift keying (FSK)', 'photovoltaic (PV) power systems', 'pulsewidth-modulated (PWM) power converters']"
